0.000406,0.000234,0.017895,0.000395,0.106501,0.002393,0.000028,0.000069,0.000055,0.000033,0.017073,0.000333,0.000252,0.000003,0.005086,0.000190,0.000012,0.000057,0.001709,0.000480,0.000033,0.001255,0.000009,0.000335,0.000449,0.019822,0.000554,0.018280,0.001597,0.000459,0.001673,0.000222,0.015210,0.000300,0.000314,0.000260,0.000480,0.000172,0.000377,0.000299,0.000257,0.001485,0.000254,0.000062,0.000194,0.006092,0.006132,0.000314,0.000027,0.000226,0.000452,0.000183,0.000270,0.000007,0.000400,0.000254,0.000509,0.000339,0.000575,0.000449,0.000290,0.000090,0.001864,0.012463,0.001377,0.000777,0.000032,0.000060,0.000012,0.000402,0.000225,0.000254,0.000138,0.000509,0.012549,0.000451,0.000418,0.002416,0.000305,0.002015,0.000284,0.000444,0.000192,0.000443,0.004412,0.000208,0.000224,0.071151,0.001391,0.000024,0.000589,0.072723,0.000098,0.000089,0.000178,0.027876,0.001237,0.000006,0.015466,0.000239,0.001188,0.009768,0.000298,0.000305,0.000312,0.009829,0.007883,0.000295,0.000312,0.000418,0.000485,0.000357,0.001107,0.000281,0.000046,0.000271,0.000137,0.000655,0.000198,0.000817,0.012824,0.000266,0.000381,0.000313,0.000274,0.130781,0.000275,0.000320,0.000431,0.000051,0.000288,0.000297,0.000283,0.000682,0.000228,0.000055,0.000348,0.001391,0.000022,0.000019,0.000575,0.000538,0.003750,0.000134,0.000924,0.039158,0.000813,0.001375,0.001366,0.000209,0.000261,0.000253,0.001137,0.000353,0.000169,0.000321,0.000256,0.056185,0.073044,0.000147,0.000121,0.000227,0.000824,0.029806,0.000332,0.000198,0.000007,0.000322,0.000320,0.000048,0.021387,0.000456,0.000264,0.001348,0.000334,0.000227,0.000033,0.000283,0.000178,0.000154,0.000143,0.000666,0.000265,0.000205,0.000433,0.000201,0.000154,0.000205,0.000077,0.002795,0.000301,0.000269,0.038503,0.054345,0.000105,0.000468,0.009897,0.000385,0.000014,0.000537
0.000749,0.000427,0.031741,0.000549,0.076982,0.001444,0.000196,0.000567,0.000477,0.000178,0.004919,0.000839,0.003518,0.000688,0.132383,0.000084,0.037359,0.003668,0.000208,0.000605,0.001634,0.000220,0.000022,0.000559,0.000497,0.000081,0.000504,0.007390,0.019124,0.000755,0.000290,0.000407,0.025297,0.000745,0.000544,0.000521,0.000322,0.000285,0.001036,0.000482,0.000064,0.001626,0.000403,0.000089,0.002734,0.000046,0.010094,0.000545,0.000034,0.000462,0.000160,0.013936,0.000514,0.000185,0.000619,0.000473,0.000609,0.000583,0.000918,0.000672,0.000493,0.000050,0.000156,0.002666,0.001071,0.000424,0.024661,0.004000,0.019525,0.000605,0.001104,0.000442,0.000349,0.000598,0.000282,0.000527,0.000620,0.000761,0.000999,0.000147,0.000605,0.026771,0.000422,0.000635,0.002695,0.000422,0.000571,0.000148,0.000206,0.048725,0.000482,0.000015,0.026589,0.003400,0.005182,0.078748,0.000178,0.000055,0.000029,0.000552,0.001213,0.001205,0.000688,0.000492,0.000569,0.042744,0.024394,0.000540,0.000612,0.000312,0.000697,0.000601,0.001262,0.000622,0.000229,0.000566,0.000186,0.001486,0.000480,0.000560,0.000595,0.000572,0.000912,0.000465,0.000501,0.000090,0.000521,0.000515,0.000693,0.000150,0.000603,0.000548,0.000508,0.001131,0.000990,0.004727,0.000607,0.000303,0.000082,0.000031,0.000380,0.001855,0.000149,0.000973,0.000700,0.002482,0.000490,0.006937,0.009660,0.005016,0.000548,0.000581,0.000592,0.000550,0.000605,0.000560,0.000564,0.000265,0.004394,0.000060,0.001467,0.000690,0.004597,0.056684,0.000883,0.000399,0.000015,0.000526,0.000564,0.000687,0.000213,0.000630,0.000519,0.084327,0.000527,0.000756,0.050208,0.000437,0.000504,0.000202,0.000515,0.001356,0.000602,0.000142,0.000543,0.001474,0.001116,0.000628,0.000223,0.000572,0.000580,0.000722,0.000021,0.003087,0.000581,0.001283,0.000030,0.000672,0.000036,0.000650
0.000705,0.000373,0.042362,0.000488,0.007513,0.000186,0.020698,0.001007,0.002571,0.008647,0.000097,0.000492,0.000443,0.000079,0.003052,0.000376,0.000093,0.000245,0.000047,0.000236,0.000449,0.000212,0.000020,0.000434,0.000553,0.000016,0.000910,0.000258,0.002239,0.000403,0.032848,0.000760,0.000050,0.000457,0.000531,0.000440,0.000779,0.000774,0.000550,0.000417,0.000130,0.000432,0.000259,0.001773,0.000630,0.034919,0.000070,0.000641,0.038671,0.000376,0.000316,0.000648,0.000460,0.000008,0.000573,0.000853,0.000425,0.000662,0.000305,0.000516,0.000435,0.010967,0.000052,0.000043,0.000446,0.000463,0.000120,0.000193,0.045560,0.000439,0.000613,0.000361,0.000435,0.000543,0.000867,0.000496,0.000466,0.013979,0.000228,0.013182,0.000471,0.051398,0.000337,0.000557,0.005156,0.000362,0.000439,0.019498,0.000749,0.000245,0.000407,0.000015,0.000020,0.001056,0.002137,0.000019,0.000164,0.000010,0.062477,0.000605,0.003053,0.000065,0.000409,0.000531,0.000106,0.003742,0.003458,0.000492,0.000493,0.000285,0.000455,0.000496,0.000438,0.049713,0.000017,0.000365,0.000521,0.000922,0.000287,0.000440,0.013761,0.000486,0.000468,0.000379,0.000451,0.007590,0.000244,0.000287,0.000703,0.001204,0.000719,0.000504,0.000681,0.000291,0.000257,0.000090,0.000487,0.000812,0.054164,0.031611,0.000499,0.000942,0.000009,0.001241,0.000300,0.000028,0.000193,0.000072,0.000032,0.000044,0.000800,0.000618,0.000322,0.000531,0.000407,0.000669,0.000437,0.116408,0.078173,0.000881,0.000159,0.000445,0.013629,0.011744,0.000942,0.000360,0.000018,0.000516,0.000514,0.000086,0.000109,0.000375,0.000449,0.000192,0.000773,0.000261,0.000990,0.000411,0.000376,0.000188,0.000818,0.000675,0.000407,0.000335,0.000670,0.001014,0.000097,0.001666,0.000371,0.004088,0.000616,0.000411,0.017162,0.000108,0.004965,0.000217,0.096235,0.000510,0.001380,0.000144
0.000678,0.000453,0.015836,0.000708,0.041769,0.003662,0.000481,0.000207,0.000110,0.000119,0.000510,0.000543,0.000561,0.000020,0.000033,0.001210,0.105123,0.010519,0.000020,0.000355,0.016278,0.000357,0.002002,0.000467,0.000529,0.000122,0.000909,0.000032,0.000247,0.000604,0.000159,0.000474,0.008613,0.000509,0.000592,0.000728,0.001451,0.000290,0.000303,0.000483,0.000086,0.000333,0.000334,0.000140,0.000179,0.031736,0.000019,0.000550,0.049434,0.000399,0.000301,0.000884,0.000741,0.002672,0.000525,0.000911,0.000513,0.000716,0.000259,0.000617,0.000496,0.000407,0.007332,0.000058,0.000318,0.000342,0.000104,0.000086,0.078725,0.000485,0.000529,0.000438,0.000355,0.000891,0.023192,0.000517,0.000519,0.007598,0.000260,0.005292,0.000523,0.083119,0.001518,0.000512,0.000059,0.001684,0.000504,0.000070,0.001552,0.000028,0.000601,0.000012,0.000020,0.002393,0.000053,0.000011,0.003233,0.000063,0.037809,0.000414,0.007724,0.000019,0.000678,0.000517,0.004828,0.000106,0.000169,0.000755,0.000570,0.000366,0.000578,0.000562,0.000709,0.099774,0.000025,0.000449,0.000116,0.001555,0.000381,0.000499,0.022033,0.000518,0.001254,0.000405,0.000618,0.022211,0.000310,0.001213,0.001171,0.000394,0.000459,0.000594,0.000674,0.000376,0.000304,0.000329,0.000574,0.000626,0.022627,0.004188,0.000610,0.000140,0.000015,0.000917,0.000586,0.001232,0.000221,0.000248,0.000174,0.000132,0.000693,0.000572,0.001059,0.000619,0.000538,0.000577,0.000475,0.020482,0.000430,0.024353,0.000085,0.000373,0.011221,0.000025,0.000564,0.000585,0.004060,0.000608,0.000535,0.004786,0.000038,0.000430,0.000689,0.000015,0.000658,0.000287,0.000039,0.000521,0.000552,0.001115,0.003318,0.000155,0.000527,0.000160,0.000510,0.000373,0.000108,0.000269,0.001435,0.002546,0.000623,0.000439,0.082890,0.000016,0.008663,0.000308,0.009833,0.000624,0.000062,0.033094
0.000782,0.000501,0.022163,0.000611,0.023941,0.000212,0.037329,0.001128,0.002256,0.004818,0.000145,0.000616,0.000624,0.008187,0.023476,0.000340,0.000197,0.000368,0.000025,0.000401,0.000255,0.000588,0.000035,0.000460,0.000359,0.051773,0.000753,0.003446,0.000125,0.000496,0.029180,0.000761,0.000128,0.000598,0.000812,0.000637,0.004267,0.003626,0.000190,0.000520,0.000100,0.000273,0.000272,0.029643,0.000322,0.044483,0.000041,0.000629,0.044927,0.000586,0.000732,0.000823,0.000642,0.000021,0.000587,0.000550,0.000515,0.000715,0.000385,0.000625,0.000808,0.003978,0.000160,0.000104,0.000571,0.000360,0.000081,0.000099,0.061839,0.000568,0.001051,0.000385,0.001087,0.000697,0.000322,0.000627,0.000587,0.002019,0.000698,0.002503,0.000592,0.097759,0.000603,0.000651,0.000183,0.000729,0.000781,0.000058,0.001023,0.000072,0.001139,0.000042,0.000025,0.000649,0.059553,0.000012,0.000403,0.084956,0.004880,0.000685,0.000829,0.000020,0.000469,0.000912,0.000213,0.000053,0.000101,0.000664,0.000653,0.000410,0.000542,0.000647,0.000342,0.092252,0.000025,0.000488,0.004142,0.000456,0.000416,0.000728,0.004504,0.000573,0.001030,0.000464,0.000566,0.004812,0.000308,0.000377,0.000669,0.005275,0.000630,0.000609,0.000663,0.000503,0.000569,0.000419,0.000652,0.000579,0.000415,0.004492,0.001104,0.000406,0.000012,0.001570,0.000306,0.000016,0.000373,0.000077,0.000031,0.000089,0.000902,0.000762,0.001166,0.000615,0.000523,0.000615,0.000530,0.017989,0.001085,0.009874,0.000136,0.001407,0.046094,0.000032,0.001430,0.000485,0.000058,0.000569,0.000582,0.000471,0.000098,0.000451,0.001001,0.000063,0.000674,0.000317,0.000022,0.001195,0.001187,0.001143,0.000661,0.000433,0.000508,0.015747,0.001094,0.000385,0.000120,0.003452,0.001115,0.000229,0.000664,0.000481,0.039085,0.000010,0.001863,0.000464,0.001229,0.000720,0.000064,0.016403
0.000773,0.000686,0.001992,0.000822,0.000286,0.003320,0.001547,0.003411,0.012697,0.000331,0.000187,0.000716,0.001189,0.012616,0.000033,0.001696,0.041599,0.004731,0.017637,0.000467,0.008156,0.000458,0.000060,0.000703,0.000575,0.003831,0.000680,0.000073,0.000089,0.000686,0.000130,0.000800,0.000291,0.000675,0.000759,0.000856,0.002272,0.002358,0.000453,0.000621,0.000347,0.000473,0.000654,0.026783,0.000424,0.005089,0.000017,0.000789,0.064511,0.000660,0.000429,0.001851,0.000781,0.000014,0.000686,0.000895,0.000624,0.000737,0.000617,0.000682,0.000716,0.001379,0.000066,0.000055,0.000509,0.000979,0.011545,0.001042,0.000078,0.000671,0.000953,0.001131,0.001346,0.000718,0.000980,0.000585,0.000698,0.004028,0.000544,0.000723,0.000740,0.108109,0.000875,0.000686,0.000220,0.000991,0.000768,0.000083,0.000352,0.001729,0.000945,0.000018,0.000035,0.001199,0.043699,0.000015,0.000947,0.205605,0.000123,0.000878,0.008359,0.026131,0.000661,0.000782,0.000329,0.000626,0.000648,0.000749,0.000729,0.000648,0.000642,0.000757,0.000437,0.093904,0.000040,0.000597,0.000904,0.000734,0.000643,0.000661,0.000183,0.000845,0.000717,0.000534,0.000676,0.000015,0.000392,0.000462,0.001322,0.004619,0.000727,0.000968,0.000842,0.000511,0.000439,0.010336,0.000721,0.000814,0.016935,0.058622,0.000625,0.000222,0.000073,0.001782,0.000330,0.000014,0.000602,0.000529,0.000480,0.004327,0.000933,0.001081,0.000411,0.000735,0.000755,0.000730,0.000782,0.000160,0.000028,0.002314,0.000186,0.001183,0.000068,0.000040,0.000650,0.000890,0.020363,0.000808,0.000765,0.000262,0.003868,0.000986,0.000669,0.035265,0.000744,0.000632,0.000056,0.000543,0.000640,0.000414,0.001390,0.000556,0.000680,0.000236,0.000744,0.000511,0.002715,0.000945,0.001837,0.000496,0.000732,0.000684,0.000027,0.000014,0.000266,0.000584,0.003806,0.000680,0.022259,0.000150
0.000547,0.000424,0.003669,0.000496,0.137760,0.000230,0.000087,0.000342,0.000204,0.002573,0.001702,0.000474,0.000336,0.000007,0.000063,0.000722,0.000014,0.000068,0.000016,0.000533,0.000152,0.000171,0.000020,0.000448,0.000775,0.000126,0.000666,0.003688,0.000050,0.000468,0.000337,0.000392,0.012673,0.000447,0.000478,0.000458,0.002292,0.001797,0.000261,0.000450,0.000042,0.000476,0.000644,0.000171,0.000399,0.008504,0.022361,0.000479,0.033672,0.000436,0.001628,0.000324,0.000501,0.083754,0.000531,0.000486,0.000781,0.000521,0.000500,0.000614,0.000421,0.001680,0.012863,0.004197,0.000812,0.001431,0.000039,0.000096,0.017770,0.000571,0.000360,0.000337,0.001544,0.000536,0.000206,0.000487,0.000601,0.000215,0.000613,0.000891,0.000475,0.000086,0.000729,0.000485,0.000062,0.000855,0.000691,0.000012,0.001052,0.001327,0.000211,0.012958,0.000558,0.000109,0.001216,0.000056,0.001200,0.000011,0.027290,0.000425,0.000083,0.000029,0.000438,0.000579,0.000175,0.018267,0.013545,0.000597,0.000487,0.001208,0.000601,0.000519,0.000981,0.000621,0.000101,0.000439,0.000151,0.001425,0.000351,0.000445,0.000077,0.000429,0.000672,0.000539,0.000844,0.136547,0.000404,0.000456,0.000504,0.000282,0.000455,0.000480,0.000478,0.000510,0.001254,0.000162,0.000543,0.000369,0.000103,0.002144,0.000385,0.001637,0.000239,0.000292,0.000799,0.005842,0.000600,0.001006,0.001209,0.000201,0.000480,0.000438,0.001063,0.000506,0.000484,0.000485,0.000411,0.025120,0.064317,0.000609,0.000805,0.000400,0.019133,0.016741,0.000506,0.000318,0.000012,0.000675,0.000497,0.000052,0.015796,0.000395,0.000429,0.034479,0.000606,0.000319,0.034157,0.000636,0.000844,0.000281,0.000611,0.000308,0.000397,0.004477,0.000535,0.000505,0.000119,0.000883,0.000687,0.002886,0.000522,0.000429,0.081711,0.000689,0.012999,0.000246,0.040574,0.000546,0.000056,0.000603
0.001142,0.001364,0.000307,0.001319,0.000201,0.001202,0.019965,0.001957,0.003835,0.000676,0.000269,0.001195,0.001360,0.000055,0.000039,0.004271,0.000063,0.000278,0.000079,0.000565,0.001694,0.000828,0.000052,0.001583,0.001157,0.000423,0.000978,0.003169,0.000771,0.001139,0.000984,0.001209,0.001260,0.001306,0.001302,0.001180,0.002973,0.000446,0.000840,0.001016,0.000286,0.000540,0.000897,0.000985,0.001567,0.031981,0.000066,0.001199,0.098725,0.001222,0.000856,0.001153,0.001124,0.000022,0.001229,0.001112,0.001297,0.001231,0.001379,0.001113,0.001739,0.001022,0.000194,0.000889,0.001278,0.002142,0.000272,0.000775,0.000074,0.001157,0.001251,0.000887,0.001186,0.001199,0.000408,0.001143,0.001202,0.015943,0.001710,0.001085,0.001235,0.102151,0.001587,0.001173,0.001071,0.001367,0.001472,0.000064,0.001880,0.000221,0.001790,0.000030,0.000046,0.000557,0.003616,0.000024,0.001158,0.002099,0.000262,0.001291,0.001732,0.000111,0.001138,0.001219,0.000705,0.000648,0.000725,0.001344,0.001238,0.001478,0.001169,0.001219,0.000870,0.111331,0.000060,0.000970,0.002931,0.001459,0.001166,0.000880,0.000288,0.001164,0.001110,0.000932,0.001367,0.000033,0.000696,0.000997,0.001759,0.001930,0.001321,0.001217,0.001141,0.001782,0.000845,0.001347,0.001195,0.001695,0.116164,0.126809,0.001242,0.001705,0.000066,0.002282,0.000745,0.000072,0.000497,0.000468,0.000323,0.000974,0.001706,0.001751,0.002497,0.001202,0.002154,0.001203,0.001211,0.000362,0.000032,0.000321,0.000375,0.001852,0.000359,0.000066,0.001357,0.001360,0.036647,0.001272,0.001282,0.058985,0.001982,0.001380,0.001111,0.000108,0.001237,0.001058,0.000049,0.001062,0.001460,0.002338,0.000972,0.001258,0.001201,0.001611,0.001143,0.001365,0.000543,0.000588,0.000284,0.001033,0.001239,0.001030,0.013795,0.000018,0.000389,0.001156,0.005725,0.001265,0.000071,0.061887
0.000581,0.000410,0.007889,0.000489,0.009288,0.003357,0.000086,0.001601,0.005692,0.000100,0.001061,0.000483,0.000553,0.000120,0.052909,0.000187,0.046928,0.005024,0.028076,0.000918,0.014334,0.000308,0.000320,0.000453,0.001088,0.000980,0.000330,0.001482,0.000251,0.000699,0.000065,0.000386,0.015237,0.000745,0.000489,0.000455,0.000416,0.000141,0.001145,0.000418,0.000322,0.000317,0.000729,0.000042,0.004338,0.000024,0.000075,0.000483,0.000034,0.000575,0.000488,0.000568,0.000457,0.060884,0.000550,0.000313,0.000638,0.000484,0.000725,0.000459,0.000457,0.000071,0.000337,0.005793,0.000422,0.000570,0.008742,0.002022,0.000101,0.000435,0.000490,0.001043,0.000321,0.000495,0.000059,0.000626,0.000534,0.000283,0.000313,0.000092,0.000569,0.000027,0.000658,0.000472,0.003916,0.000387,0.000713,0.000028,0.000149,0.043329,0.000249,0.000630,0.072938,0.000214,0.000588,0.146127,0.000709,0.064665,0.000022,0.000686,0.000715,0.000896,0.000602,0.000460,0.001013,0.000237,0.000364,0.000488,0.000606,0.003032,0.000585,0.000512,0.000890,0.000014,0.052462,0.000811,0.000165,0.000442,0.000586,0.000360,0.000046,0.000497,0.000619,0.000661,0.000446,0.000014,0.001085,0.000477,0.000945,0.000045,0.000802,0.000480,0.000460,0.000803,0.000899,0.009685,0.000494,0.000314,0.000067,0.003393,0.000405,0.000394,0.001125,0.000375,0.000845,0.013482,0.000773,0.001809,0.001290,0.010492,0.000441,0.000429,0.000298,0.000486,0.000312,0.000582,0.000615,0.000051,0.024610,0.000049,0.002283,0.000335,0.000017,0.017158,0.000352,0.001160,0.143489,0.000475,0.000486,0.000127,0.000212,0.000452,0.000665,0.000011,0.000471,0.001096,0.002426,0.000610,0.000421,0.000381,0.000637,0.000476,0.000562,0.000046,0.000417,0.000248,0.002044,0.000236,0.000060,0.004928,0.000538,0.000723,0.000098,0.005481,0.000801,0.000799,0.000385,0.000613,0.023628,0.000033
0.000374,0.000486,0.000059,0.000412,0.000178,0.000378,0.001773,0.000241,0.000136,0.000060,0.000063,0.000424,0.000287,0.011694,0.000010,0.004260,0.000010,0.000051,0.088505,0.000829,0.000023,0.000934,0.006251,0.000551,0.000798,0.000025,0.000275,0.000149,0.002868,0.000296,0.000278,0.000560,0.000053,0.000546,0.000406,0.000478,0.000268,0.003344,0.000271,0.001197,0.004852,0.001743,0.000275,0.001792,0.001339,0.000221,0.039234,0.000423,0.005060,0.000364,0.000835,0.000543,0.000476,0.000388,0.000383,0.000338,0.000394,0.000403,0.000473,0.000366,0.000594,0.010484,0.000983,0.000037,0.000288,0.000853,0.002226,0.003730,0.000019,0.000543,0.000297,0.000856,0.000935,0.000414,0.000131,0.000350,0.000433,0.000118,0.000703,0.000066,0.000484,0.000023,0.000711,0.000380,0.000085,0.000610,0.000340,0.036768,0.000067,0.082171,0.000473,0.016670,0.024680,0.000638,0.000164,0.018982,0.000741,0.000096,0.000019,0.000682,0.000083,0.062960,0.000302,0.000603,0.002560,0.007151,0.006091,0.000469,0.000413,0.000304,0.000356,0.000423,0.000217,0.000073,0.009957,0.000500,0.019805,0.000035,0.002074,0.000780,0.012571,0.000364,0.000380,0.000571,0.000372,0.000007,0.000516,0.000533,0.000451,0.004660,0.000664,0.000406,0.000550,0.000232,0.000986,0.010284,0.000413,0.000994,0.009631,0.017269,0.000362,0.000266,0.000013,0.000874,0.000348,0.000190,0.002115,0.008585,0.018331,0.006466,0.000545,0.000551,0.000339,0.000410,0.001073,0.000436,0.000733,0.000009,0.000009,0.000059,0.000701,0.000666,0.000031,0.000017,0.000295,0.001072,0.127680,0.000699,0.000579,0.027841,0.032193,0.000566,0.000365,0.030021,0.000375,0.001078,0.023790,0.000383,0.000494,0.000213,0.001038,0.000249,0.000475,0.000048,0.000359,0.001477,0.002072,0.000289,0.002219,0.000741,0.000435,0.000504,0.032211,0.016492,0.000062,0.000522,0.047260,0.000373,0.025304,0.001544
0.000575,0.000601,0.000368,0.000608,0.000046,0.000291,0.001629,0.001235,0.003473,0.004637,0.000319,0.000595,0.000519,0.043655,0.134928,0.000104,0.085832,0.008332,0.004642,0.000563,0.048669,0.000364,0.091125,0.000645,0.001311,0.000020,0.000456,0.000355,0.000968,0.000390,0.003677,0.000785,0.000075,0.000536,0.000650,0.000656,0.002509,0.000192,0.001341,0.000493,0.000130,0.000179,0.001089,0.000064,0.000333,0.003918,0.000020,0.000587,0.000082,0.000556,0.000470,0.000499,0.000635,0.024188,0.000548,0.000987,0.000470,0.000598,0.000287,0.000588,0.000559,0.001716,0.000071,0.000038,0.000410,0.001344,0.000137,0.000172,0.012091,0.000513,0.000795,0.000447,0.000682,0.000654,0.002771,0.000545,0.000546,0.006808,0.000439,0.002694,0.000557,0.033624,0.002186,0.000639,0.000062,0.002043,0.000693,0.000078,0.000581,0.000723,0.000928,0.000013,0.000149,0.001458,0.000797,0.000634,0.000891,0.000013,0.004111,0.000399,0.004458,0.001603,0.000920,0.000492,0.000238,0.000084,0.000138,0.000577,0.000609,0.000776,0.000515,0.000601,0.000358,0.001467,0.000055,0.000519,0.011466,0.000136,0.000424,0.000642,0.019522,0.000775,0.000549,0.000460,0.000535,0.001258,0.000666,0.000281,0.000559,0.002498,0.000486,0.000673,0.000662,0.000395,0.000441,0.004276,0.000583,0.001033,0.029406,0.021265,0.000659,0.000559,0.000041,0.000360,0.000503,0.000210,0.000367,0.000067,0.000027,0.000081,0.000683,0.000518,0.000348,0.000612,0.000670,0.000595,0.000489,0.053786,0.122921,0.000126,0.000368,0.001112,0.012512,0.000025,0.000758,0.000888,0.082221,0.000514,0.000566,0.000148,0.000038,0.000675,0.000879,0.000449,0.000526,0.000406,0.000834,0.000652,0.000874,0.000327,0.000904,0.000627,0.000499,0.012822,0.000962,0.000429,0.000179,0.001205,0.000689,0.002960,0.000667,0.000589,0.000026,0.000308,0.004756,0.000542,0.001175,0.000556,0.000771,0.000132
0.000330,0.000685,0.000010,0.000468,0.000013,0.001295,0.000055,0.000115,0.000072,0.000032,0.000880,0.000429,0.000303,0.213133,0.071608,0.000092,0.113664,0.016345,0.000242,0.000172,0.047536,0.000150,0.000015,0.000269,0.000159,0.000025,0.000665,0.000042,0.004667,0.000411,0.000208,0.000523,0.000042,0.000506,0.000477,0.000448,0.000236,0.000283,0.002166,0.000360,0.000030,0.000134,0.001003,0.012512,0.000216,0.000623,0.000009,0.000420,0.033605,0.000274,0.000575,0.000270,0.000389,0.000011,0.000396,0.000379,0.000314,0.000462,0.000300,0.000428,0.000355,0.000055,0.000038,0.000103,0.000193,0.001533,0.004471,0.001026,0.000009,0.000335,0.000516,0.000387,0.000371,0.000400,0.000208,0.000368,0.000366,0.002542,0.000587,0.000167,0.000408,0.064512,0.000947,0.000358,0.000045,0.000932,0.000394,0.000370,0.000334,0.000020,0.000668,0.000012,0.000027,0.000408,0.009654,0.000008,0.002378,0.118836,0.000018,0.000427,0.003621,0.007352,0.000373,0.000384,0.001026,0.001663,0.001878,0.000381,0.000405,0.002248,0.000392,0.000386,0.000445,0.010992,0.000236,0.000424,0.000187,0.000375,0.000206,0.000270,0.000050,0.000390,0.000397,0.000269,0.000467,0.000100,0.000483,0.000213,0.000762,0.000199,0.000422,0.000458,0.000467,0.000263,0.000403,0.007917,0.000399,0.000583,0.011791,0.040845,0.000339,0.000965,0.010802,0.000178,0.000621,0.005450,0.000218,0.000427,0.000451,0.012818,0.000322,0.000323,0.000415,0.000441,0.000428,0.000386,0.000516,0.000017,0.000025,0.013194,0.000067,0.000437,0.001455,0.000030,0.000282,0.000720,0.061006,0.000338,0.000389,0.005424,0.000032,0.000395,0.000363,0.004294,0.000356,0.000482,0.000017,0.000443,0.000299,0.000441,0.000536,0.000247,0.000306,0.000084,0.000366,0.000285,0.000486,0.002580,0.000193,0.002143,0.000405,0.000593,0.000011,0.000064,0.000151,0.000421,0.000720,0.000353,0.017381,0.000678
0.000490,0.000644,0.000076,0.000529,0.000047,0.001722,0.000051,0.000194,0.000109,0.000072,0.002826,0.000528,0.000583,0.021590,0.000153,0.000673,0.000055,0.000183,0.000129,0.001235,0.000036,0.002680,0.003955,0.000593,0.001126,0.050315,0.000445,0.000250,0.001180,0.000752,0.000210,0.000643,0.000110,0.000556,0.000569,0.000580,0.000326,0.000494,0.000776,0.001512,0.011736,0.000635,0.001091,0.000187,0.001356,0.000066,0.116567,0.000531,0.000036,0.000635,0.000487,0.000652,0.000565,0.054189,0.000508,0.000489,0.000620,0.000502,0.001332,0.000644,0.000772,0.001110,0.008347,0.015304,0.001704,0.000940,0.000210,0.006105,0.002905,0.000725,0.000394,0.000754,0.000414,0.000550,0.000143,0.000499,0.000660,0.000081,0.001129,0.000069,0.000685,0.000027,0.000602,0.000529,0.002470,0.000451,0.000629,0.002051,0.000941,0.001249,0.000542,0.107065,0.031947,0.000561,0.000059,0.140948,0.000743,0.000019,0.000033,0.000480,0.000120,0.000022,0.000634,0.000491,0.000465,0.000077,0.000123,0.000529,0.000573,0.000235,0.000476,0.000547,0.000408,0.000028,0.012069,0.000643,0.007287,0.000195,0.000802,0.000527,0.000491,0.000591,0.000495,0.000700,0.000608,0.000407,0.001271,0.001147,0.000337,0.003689,0.000858,0.000528,0.000622,0.000351,0.000692,0.000324,0.000573,0.000334,0.000066,0.000032,0.000709,0.000472,0.001434,0.000380,0.001172,0.019801,0.001282,0.005749,0.009346,0.000302,0.000495,0.000511,0.001156,0.000571,0.000799,0.000559,0.000547,0.000389,0.018925,0.000071,0.001999,0.000476,0.000067,0.024805,0.000574,0.000497,0.000092,0.000578,0.000698,0.002248,0.001699,0.000624,0.000501,0.007993,0.000501,0.001323,0.017130,0.000608,0.000385,0.000311,0.000524,0.000776,0.000585,0.000127,0.000528,0.002496,0.001563,0.000316,0.003044,0.000178,0.000543,0.000642,0.000067,0.147976,0.000384,0.001543,0.033625,0.000540,0.009670,0.000062
0.000768,0.000656,0.002536,0.000703,0.000315,0.001158,0.000983,0.000809,0.000936,0.002909,0.000098,0.000738,0.000617,0.019787,0.012726,0.000440,0.000164,0.000386,0.000070,0.000887,0.003106,0.000522,0.001492,0.000985,0.001357,0.000024,0.000566,0.000146,0.001099,0.000551,0.000279,0.000889,0.000128,0.000654,0.000831,0.000962,0.000643,0.001006,0.001295,0.000642,0.000353,0.001429,0.001680,0.001416,0.001181,0.000272,0.095536,0.000739,0.013190,0.000534,0.001182,0.000386,0.000895,0.086633,0.000687,0.001553,0.000576,0.000675,0.000371,0.000690,0.000617,0.004671,0.001222,0.000051,0.000404,0.000491,0.003960,0.001721,0.000716,0.000627,0.000573,0.001001,0.003063,0.000713,0.000562,0.000553,0.000671,0.005181,0.000657,0.001553,0.000690,0.000059,0.000992,0.000710,0.000585,0.000750,0.000589,0.074169,0.000131,0.141820,0.000394,0.000019,0.002895,0.000195,0.007663,0.000345,0.000326,0.000328,0.000071,0.000769,0.002829,0.000314,0.000681,0.000742,0.000209,0.000376,0.000434,0.000758,0.000710,0.001078,0.000581,0.000791,0.000303,0.001849,0.001296,0.000733,0.007286,0.000319,0.001569,0.001163,0.012034,0.000757,0.001229,0.000797,0.000883,0.000051,0.001083,0.000698,0.001072,0.015175,0.000558,0.000733,0.000902,0.000453,0.001317,0.017789,0.000703,0.000904,0.097346,0.002631,0.000654,0.000803,0.000069,0.001348,0.000529,0.000121,0.001007,0.000078,0.000027,0.000109,0.000942,0.000980,0.000936,0.000710,0.001925,0.000748,0.000625,0.006208,0.092659,0.000151,0.002894,0.001120,0.000078,0.000069,0.000748,0.000669,0.000454,0.000922,0.000720,0.000795,0.023994,0.000736,0.000652,0.034662,0.000641,0.000526,0.051729,0.000782,0.000649,0.000583,0.002396,0.000552,0.000809,0.004735,0.000654,0.001253,0.000487,0.000887,0.005355,0.000740,0.000719,0.000662,0.000031,0.000234,0.001455,0.000614,0.022756,0.000715,0.002264,0.000136
0.001083,0.000826,0.008587,0.000954,0.008653,0.000438,0.001945,0.002204,0.006629,0.001170,0.014738,0.000993,0.000773,0.009851,0.001328,0.000909,0.002812,0.001487,0.001032,0.001303,0.002106,0.006110,0.000039,0.001573,0.001994,0.000428,0.000855,0.046198,0.025115,0.001212,0.001144,0.000790,0.015938,0.000950,0.000946,0.000950,0.001516,0.008116,0.000963,0.001713,0.003281,0.000862,0.001686,0.000836,0.001498,0.003001,0.009495,0.000939,0.000064,0.001529,0.001986,0.000662,0.000946,0.000144,0.000890,0.000770,0.001548,0.000958,0.001647,0.001349,0.001035,0.000088,0.019652,0.058588,0.004186,0.000390,0.000574,0.000335,0.000046,0.001203,0.001140,0.000774,0.001331,0.001058,0.003460,0.000827,0.001280,0.000171,0.001469,0.000450,0.000995,0.000198,0.001654,0.000899,0.000107,0.002405,0.000922,0.000058,0.000754,0.000742,0.000621,0.247856,0.000104,0.001572,0.001124,0.120621,0.000746,0.000019,0.000202,0.000638,0.000086,0.000037,0.001045,0.000903,0.001668,0.000061,0.000132,0.001071,0.001036,0.000643,0.000842,0.000986,0.000507,0.000163,0.007623,0.001092,0.000294,0.002467,0.000727,0.000744,0.000190,0.000830,0.001097,0.001148,0.001165,0.001464,0.000617,0.001034,0.000661,0.002502,0.000823,0.000953,0.001024,0.000723,0.000756,0.000194,0.001064,0.000540,0.000039,0.000056,0.002191,0.007168,0.004659,0.001139,0.002057,0.044402,0.003379,0.001014,0.001062,0.001889,0.000809,0.000902,0.001061,0.000997,0.000668,0.001135,0.001163,0.000429,0.000058,0.000133,0.005994,0.001137,0.014635,0.023301,0.000710,0.000649,0.000031,0.000891,0.000919,0.001243,0.000134,0.000778,0.001279,0.034005,0.001016,0.000766,0.009826,0.000792,0.001007,0.002075,0.000710,0.001062,0.000814,0.000182,0.000992,0.000595,0.003191,0.000466,0.002691,0.000759,0.000974,0.000927,0.028919,0.033577,0.003883,0.000908,0.000016,0.001174,0.000083,0.000812
0.000763,0.000396,0.049055,0.000527,0.000013,0.002677,0.007724,0.001957,0.007176,0.002786,0.000371,0.000547,0.000511,0.144764,0.046235,0.000202,0.048744,0.005011,0.006514,0.000629,0.002004,0.000883,0.012832,0.000508,0.001296,0.002340,0.000512,0.000033,0.016638,0.000791,0.006164,0.000827,0.000052,0.000606,0.000523,0.000569,0.000304,0.000397,0.002143,0.000705,0.000996,0.002966,0.000455,0.000107,0.001622,0.000036,0.083907,0.000621,0.004174,0.000394,0.001352,0.000374,0.000523,0.000019,0.000497,0.001118,0.000436,0.000509,0.000539,0.000535,0.000458,0.000379,0.000133,0.000188,0.000305,0.000870,0.004424,0.000799,0.000029,0.000461,0.000581,0.000389,0.000406,0.000519,0.000213,0.000489,0.000522,0.005907,0.000495,0.000222,0.000554,0.045873,0.000522,0.000551,0.003219,0.000412,0.000688,0.000014,0.000281,0.013970,0.000510,0.000018,0.000097,0.003465,0.000046,0.024621,0.000207,0.002533,0.000031,0.000605,0.000409,0.084704,0.000589,0.000508,0.000307,0.000207,0.000250,0.000519,0.000540,0.000325,0.000458,0.000544,0.000348,0.012325,0.000404,0.000514,0.001315,0.000364,0.000530,0.000459,0.000116,0.000645,0.000504,0.000392,0.000504,0.000040,0.001245,0.000453,0.000575,0.001469,0.000411,0.000544,0.000577,0.000382,0.000513,0.006338,0.000522,0.000460,0.049423,0.000417,0.000367,0.001497,0.000446,0.000332,0.000704,0.003269,0.000395,0.000131,0.000088,0.002537,0.000469,0.000464,0.000428,0.000626,0.000490,0.000525,0.000599,0.000073,0.000055,0.000060,0.003540,0.000498,0.001211,0.019634,0.000410,0.000417,0.000026,0.000465,0.000529,0.000241,0.047164,0.000583,0.000521,0.054199,0.000570,0.000977,0.030770,0.000504,0.000304,0.000115,0.000334,0.000697,0.000542,0.006425,0.000451,0.000796,0.001833,0.002398,0.000435,0.003486,0.000561,0.000816,0.000016,0.000039,0.000706,0.001334,0.000279,0.000483,0.036855,0.000214
0.000569,0.000431,0.004993,0.000510,0.000014,0.004077,0.004167,0.000470,0.000395,0.000111,0.000994,0.000487,0.000645,0.158717,0.000158,0.000611,0.125692,0.014355,0.041454,0.000513,0.014029,0.000803,0.059334,0.000418,0.000405,0.003963,0.000580,0.000065,0.000138,0.000571,0.000162,0.000654,0.000061,0.000521,0.000517,0.000516,0.000325,0.000279,0.000724,0.000728,0.001008,0.000342,0.001101,0.000057,0.000559,0.000101,0.000526,0.000501,0.000036,0.000365,0.000532,0.000535,0.000484,0.000013,0.000548,0.000705,0.000402,0.000472,0.000586,0.000471,0.000501,0.000443,0.001210,0.000229,0.000364,0.001535,0.022425,0.000891,0.000621,0.000440,0.000508,0.000757,0.000311,0.000489,0.000311,0.000453,0.000515,0.000117,0.000846,0.000082,0.000595,0.000052,0.000492,0.000554,0.001841,0.000447,0.000550,0.000038,0.000372,0.000098,0.000536,0.000024,0.054915,0.000812,0.000147,0.029123,0.002395,0.000292,0.000030,0.000668,0.000552,0.085185,0.000521,0.000495,0.000623,0.000084,0.000134,0.000495,0.000586,0.000640,0.000556,0.000510,0.000634,0.000023,0.031645,0.000689,0.000558,0.000254,0.000490,0.000480,0.000683,0.000455,0.000476,0.000588,0.000465,0.000109,0.000950,0.000748,0.000697,0.000062,0.000502,0.000526,0.000594,0.000360,0.000511,0.001890,0.000494,0.000451,0.011361,0.051497,0.000317,0.000527,0.004271,0.000503,0.000670,0.003279,0.000346,0.001515,0.001582,0.005573,0.000427,0.000438,0.000176,0.000549,0.000461,0.000532,0.000704,0.000024,0.000030,0.000558,0.004059,0.000535,0.001415,0.000962,0.000380,0.000839,0.065106,0.000460,0.000553,0.000140,0.000060,0.000743,0.000460,0.065776,0.000454,0.001309,0.000177,0.000378,0.000355,0.000109,0.000231,0.000773,0.000448,0.002270,0.000486,0.000272,0.002901,0.000531,0.000368,0.000630,0.000524,0.000769,0.000051,0.039406,0.000131,0.000854,0.000034,0.000482,0.000682,0.002306
0.000487,0.000618,0.000095,0.000668,0.103924,0.002911,0.000162,0.000172,0.000100,0.000058,0.002564,0.000555,0.000472,0.000043,0.000014,0.003076,0.021909,0.002623,0.000104,0.000908,0.000068,0.000294,0.000065,0.001065,0.000342,0.000861,0.000594,0.000163,0.010999,0.000452,0.000061,0.000454,0.007468,0.000513,0.000540,0.000529,0.000977,0.000295,0.000174,0.000617,0.002645,0.000241,0.000318,0.001704,0.000504,0.052292,0.000023,0.000526,0.000041,0.000465,0.001469,0.000499,0.000520,0.087898,0.000502,0.000412,0.000667,0.000527,0.000554,0.000512,0.000605,0.000511,0.000052,0.002906,0.000481,0.001595,0.011420,0.000578,0.068941,0.000557,0.000592,0.001338,0.000565,0.000518,0.000419,0.000504,0.000530,0.000353,0.000633,0.000196,0.000559,0.000105,0.000549,0.000520,0.001093,0.000410,0.000440,0.056709,0.000319,0.000078,0.000582,0.000012,0.048966,0.000260,0.000439,0.009339,0.000619,0.135572,0.061126,0.000571,0.008846,0.001312,0.000484,0.000574,0.001266,0.000071,0.000114,0.000521,0.000528,0.000288,0.000498,0.000531,0.000432,0.001978,0.000992,0.000510,0.002578,0.000349,0.000445,0.000376,0.000037,0.000466,0.000508,0.000573,0.000744,0.000008,0.000235,0.000415,0.000612,0.000952,0.000744,0.000518,0.000529,0.000588,0.000302,0.001970,0.000530,0.000499,0.000326,0.000094,0.001277,0.000257,0.000030,0.000471,0.000378,0.000073,0.000581,0.005457,0.010667,0.000250,0.000584,0.000528,0.000794,0.000538,0.000842,0.000600,0.000791,0.000019,0.000022,0.012210,0.001507,0.000665,0.081727,0.000037,0.000493,0.000970,0.071534,0.000543,0.000667,0.000106,0.000060,0.000796,0.000475,0.012866,0.000541,0.000359,0.000021,0.000410,0.000500,0.000206,0.000468,0.000358,0.000613,0.000287,0.000537,0.001473,0.000261,0.000898,0.000839,0.000354,0.000528,0.000455,0.013512,0.000040,0.000147,0.000382,0.000071,0.000617,0.000031,0.002065
0.000659,0.000711,0.000386,0.000765,0.093649,0.000285,0.040010,0.001853,0.006115,0.001787,0.001570,0.000722,0.000600,0.000015,0.000021,0.002475,0.121105,0.012077,0.003592,0.000490,0.050195,0.000354,0.000023,0.000539,0.000319,0.037533,0.000761,0.015622,0.002502,0.000726,0.005493,0.000624,0.004791,0.000683,0.000835,0.000669,0.001521,0.000582,0.000780,0.000570,0.000163,0.001295,0.001525,0.000356,0.000312,0.000123,0.000372,0.000673,0.034172,0.000610,0.000573,0.000281,0.000649,0.127954,0.000709,0.000562,0.000738,0.000787,0.000528,0.000711,0.000802,0.000390,0.002844,0.000737,0.000663,0.000462,0.018886,0.000664,0.000087,0.000613,0.000825,0.000828,0.001411,0.000726,0.000226,0.000683,0.000700,0.002638,0.000767,0.000290,0.000718,0.019061,0.000808,0.000657,0.000252,0.000874,0.000993,0.000017,0.002186,0.000026,0.001023,0.000033,0.000051,0.001772,0.000856,0.000140,0.001155,0.002449,0.000150,0.000869,0.002007,0.000022,0.000687,0.000662,0.002883,0.014393,0.014049,0.000668,0.000695,0.000780,0.000659,0.000681,0.000717,0.000129,0.007011,0.000762,0.000263,0.002651,0.000419,0.000808,0.000094,0.000621,0.001705,0.000563,0.000733,0.000012,0.000679,0.001147,0.000718,0.001143,0.000773,0.000663,0.000647,0.000810,0.000826,0.001052,0.000676,0.000607,0.000154,0.004301,0.000819,0.000698,0.000598,0.002387,0.000460,0.000077,0.008769,0.008363,0.014298,0.012409,0.000622,0.000860,0.002633,0.000689,0.000724,0.000867,0.000776,0.000153,0.000019,0.024563,0.000148,0.000676,0.000035,0.000350,0.000519,0.000906,0.020269,0.000600,0.001094,0.000075,0.000035,0.000925,0.000606,0.100579,0.000623,0.000674,0.021933,0.000487,0.000430,0.000249,0.000474,0.000572,0.000672,0.000077,0.000619,0.000556,0.000184,0.001532,0.000228,0.000506,0.000700,0.000736,0.000035,0.001120,0.005299,0.000746,0.026654,0.000738,0.001105,0.000146
0.000470,0.000475,0.000462,0.000464,0.000009,0.000587,0.000086,0.000504,0.000473,0.000289,0.000058,0.000464,0.000631,0.122898,0.001037,0.000421,0.000018,0.000086,0.001390,0.000604,0.000045,0.000564,0.095784,0.000687,0.000755,0.000018,0.000368,0.000027,0.004265,0.000355,0.000370,0.000751,0.000047,0.000445,0.000497,0.000598,0.000496,0.001091,0.002412,0.000830,0.003175,0.000549,0.001053,0.002394,0.001267,0.000044,0.086261,0.000520,0.000048,0.000344,0.000210,0.001401,0.000604,0.001161,0.000442,0.001295,0.000379,0.000446,0.000395,0.000423,0.000412,0.016950,0.000875,0.000103,0.000278,0.000502,0.011112,0.005566,0.000061,0.000413,0.000374,0.000692,0.000651,0.000482,0.000366,0.000413,0.000452,0.000109,0.000807,0.000141,0.000507,0.000029,0.000389,0.000518,0.005948,0.000342,0.000384,0.062466,0.000129,0.022842,0.000716,0.012701,0.000194,0.000359,0.000044,0.004737,0.000495,0.154754,0.000023,0.000797,0.000232,0.012092,0.000387,0.000588,0.000108,0.001319,0.001397,0.000482,0.000468,0.001144,0.000418,0.000485,0.000285,0.000023,0.001147,0.000486,0.009338,0.000082,0.001641,0.000533,0.001334,0.000716,0.000439,0.000533,0.000450,0.000908,0.001738,0.001137,0.000574,0.003164,0.000464,0.000637,0.000665,0.000254,0.000620,0.004994,0.000463,0.000744,0.070709,0.034655,0.000374,0.000216,0.008749,0.000473,0.000371,0.000110,0.000471,0.000153,0.000105,0.000328,0.000473,0.000487,0.000242,0.000467,0.001497,0.000471,0.000678,0.000021,0.000016,0.000072,0.001338,0.000680,0.000095,0.000916,0.000449,0.000568,0.005001,0.000455,0.000462,0.007253,0.013826,0.000478,0.000480,0.016408,0.000446,0.000992,0.018431,0.000440,0.000464,0.000132,0.001211,0.000352,0.000577,0.005535,0.000466,0.001187,0.004618,0.001552,0.011833,0.000514,0.000472,0.000635,0.000017,0.067584,0.000144,0.000773,0.003351,0.000450,0.002087,0.000331
0.000515,0.000297,0.021408,0.000376,0.000191,0.002622,0.002735,0.000808,0.002105,0.000061,0.001654,0.000377,0.000338,0.000436,0.000336,0.000396,0.000276,0.000363,0.001990,0.000549,0.000108,0.000204,0.000378,0.000693,0.000541,0.023187,0.000318,0.000138,0.002010,0.000612,0.000049,0.000289,0.016326,0.000575,0.000451,0.000410,0.000205,0.000168,0.001823,0.001109,0.003457,0.001803,0.000421,0.000076,0.003247,0.000024,0.092588,0.000377,0.000025,0.000609,0.001121,0.000161,0.000393,0.101448,0.000427,0.000261,0.000503,0.000358,0.001620,0.000361,0.000474,0.000053,0.001426,0.008829,0.000699,0.001039,0.017860,0.005494,0.000030,0.000495,0.000537,0.000580,0.000527,0.000393,0.000089,0.000476,0.000445,0.000065,0.000642,0.000048,0.000494,0.000018,0.000277,0.000473,0.006954,0.000259,0.000348,0.007365,0.000263,0.000737,0.000596,0.016891,0.055652,0.000715,0.000041,0.097257,0.000433,0.022621,0.000018,0.000754,0.000027,0.064580,0.000292,0.000524,0.001073,0.000713,0.000822,0.000381,0.000475,0.000127,0.000394,0.000383,0.000406,0.000013,0.049337,0.000652,0.007022,0.000084,0.000963,0.000362,0.000092,0.000346,0.000365,0.000558,0.000396,0.000010,0.001000,0.000512,0.000563,0.000157,0.000778,0.000377,0.000353,0.000690,0.000864,0.000806,0.000412,0.000185,0.000021,0.000021,0.000220,0.000922,0.006394,0.000360,0.000463,0.001297,0.000813,0.012338,0.029852,0.010045,0.000377,0.000393,0.000783,0.000420,0.000409,0.000421,0.000700,0.000009,0.000009,0.000036,0.004274,0.000884,0.000015,0.045986,0.000375,0.000490,0.000105,0.000337,0.000550,0.000122,0.026190,0.000534,0.000337,0.069119,0.000345,0.000675,0.008580,0.000307,0.000152,0.000110,0.000232,0.000824,0.000642,0.000426,0.000332,0.001658,0.006318,0.000263,0.000474,0.000317,0.000419,0.000482,0.000008,0.073853,0.000074,0.001065,0.000044,0.000488,0.000089,0.000034
0.000660,0.000664,0.000615,0.000701,0.000083,0.001439,0.006087,0.000467,0.000316,0.000186,0.000645,0.000745,0.000514,0.000134,0.000020,0.002556,0.000035,0.000146,0.008528,0.001422,0.000038,0.000648,0.003949,0.000664,0.001046,0.091096,0.000631,0.053822,0.004009,0.000553,0.003068,0.000654,0.000574,0.000615,0.000751,0.000658,0.000582,0.000297,0.002638,0.001253,0.002246,0.001966,0.001381,0.001771,0.000908,0.000390,0.153335,0.000652,0.000043,0.000767,0.002137,0.000511,0.000661,0.007376,0.000665,0.000724,0.000799,0.000637,0.001124,0.000638,0.000632,0.002747,0.002779,0.026494,0.000906,0.001288,0.008523,0.000841,0.000215,0.000856,0.000526,0.001222,0.001422,0.000674,0.001471,0.000617,0.000615,0.000205,0.001184,0.000191,0.000716,0.000028,0.000490,0.000715,0.011992,0.000445,0.000613,0.027567,0.000295,0.024788,0.001227,0.051045,0.014182,0.004028,0.000064,0.108757,0.000471,0.000036,0.000044,0.001035,0.000081,0.000367,0.000547,0.000724,0.007887,0.015607,0.012910,0.000685,0.000721,0.000205,0.000596,0.000665,0.000485,0.000085,0.037445,0.000792,0.022211,0.000088,0.000896,0.001333,0.022179,0.000615,0.000716,0.001005,0.000606,0.000011,0.002010,0.001724,0.000523,0.001679,0.000664,0.000652,0.000644,0.000628,0.001154,0.002504,0.000683,0.000510,0.000032,0.000054,0.000660,0.001913,0.000517,0.000700,0.000583,0.000344,0.001322,0.004849,0.007406,0.000758,0.000661,0.000643,0.001139,0.000767,0.001094,0.000704,0.000743,0.000127,0.001677,0.000216,0.001542,0.000617,0.000095,0.006193,0.000546,0.000642,0.000719,0.000934,0.000754,0.001131,0.014777,0.000958,0.000594,0.070172,0.000601,0.001095,0.019747,0.000435,0.000329,0.000151,0.000613,0.001121,0.000947,0.000545,0.000566,0.001540,0.000792,0.000457,0.001374,0.000619,0.000673,0.000847,0.000025,0.017517,0.000155,0.001290,0.000608,0.000700,0.002809,0.000839
0.000823,0.001313,0.000052,0.000943,0.000032,0.000992,0.006748,0.000619,0.000393,0.000265,0.000734,0.001032,0.000774,0.000536,0.125529,0.000314,0.001859,0.001293,0.076989,0.001062,0.000402,0.000854,0.139139,0.000933,0.000903,0.136044,0.000761,0.000112,0.000640,0.000711,0.002805,0.001155,0.000155,0.000950,0.000927,0.001094,0.000544,0.001302,0.002514,0.000786,0.000448,0.000340,0.000490,0.016160,0.000452,0.004861,0.000110,0.000935,0.000059,0.001003,0.001139,0.000490,0.001118,0.009621,0.000884,0.000936,0.000972,0.001009,0.000771,0.000936,0.001158,0.001657,0.001662,0.000745,0.001056,0.001969,0.006451,0.000787,0.000784,0.000892,0.001399,0.000771,0.001374,0.000923,0.001233,0.000772,0.000957,0.000141,0.001485,0.000190,0.001080,0.000046,0.001125,0.000871,0.000156,0.001470,0.001098,0.000067,0.000990,0.000267,0.001350,0.000032,0.001721,0.001676,0.000091,0.092273,0.002920,0.000030,0.000196,0.001087,0.000711,0.000055,0.000899,0.001008,0.000402,0.000363,0.000449,0.000971,0.000940,0.000417,0.000790,0.000999,0.000473,0.000071,0.031410,0.001171,0.000583,0.000783,0.000793,0.001419,0.001999,0.001048,0.000934,0.001393,0.000854,0.000056,0.001438,0.000785,0.000865,0.005586,0.000845,0.000918,0.001061,0.000728,0.001066,0.000640,0.000970,0.000717,0.000245,0.000060,0.001241,0.000347,0.010741,0.000601,0.001130,0.002064,0.002008,0.000391,0.000420,0.001013,0.000852,0.000850,0.000719,0.000933,0.001274,0.000945,0.001255,0.000060,0.000060,0.000432,0.001457,0.001561,0.000063,0.001900,0.001239,0.000826,0.000144,0.000867,0.000915,0.001677,0.000041,0.000818,0.001258,0.001918,0.001048,0.001330,0.000046,0.000810,0.000742,0.000490,0.001449,0.000557,0.000963,0.065555,0.001199,0.000479,0.001055,0.000826,0.008250,0.000552,0.000940,0.001011,0.000048,0.098977,0.002904,0.000876,0.000052,0.000994,0.000169,0.007024
0.000786,0.001330,0.000039,0.000958,0.006881,0.000309,0.000463,0.000844,0.000610,0.000487,0.000160,0.000905,0.000859,0.000245,0.000028,0.003120,0.000631,0.000843,0.008596,0.002385,0.003378,0.000574,0.000300,0.000805,0.000647,0.000046,0.000699,0.006102,0.000295,0.000758,0.001012,0.000778,0.006465,0.000879,0.000895,0.001190,0.011555,0.005161,0.002181,0.000841,0.000361,0.000310,0.000610,0.000203,0.000386,0.005387,0.000024,0.000910,0.000069,0.001471,0.001599,0.000450,0.001144,0.006333,0.000891,0.000688,0.000913,0.000921,0.000587,0.000879,0.001177,0.000489,0.039707,0.000108,0.000733,0.002131,0.000080,0.000251,0.000036,0.000931,0.000710,0.000560,0.001203,0.000936,0.001393,0.000735,0.000853,0.000221,0.001609,0.000463,0.000938,0.000097,0.001820,0.000836,0.000103,0.002219,0.000822,0.011549,0.000483,0.022221,0.000486,0.000056,0.000088,0.000105,0.004123,0.038080,0.000471,0.170169,0.000093,0.001033,0.031117,0.000029,0.000833,0.001061,0.001738,0.001842,0.001704,0.000928,0.000905,0.000772,0.000806,0.000927,0.000564,0.004136,0.001320,0.000946,0.005245,0.000187,0.001008,0.001103,0.001037,0.000894,0.000861,0.001112,0.000925,0.000025,0.000807,0.001302,0.000649,0.000712,0.000798,0.000888,0.000839,0.001554,0.000837,0.009677,0.000903,0.001018,0.000805,0.083124,0.000910,0.001068,0.000179,0.001388,0.000905,0.001638,0.005556,0.004565,0.005452,0.003560,0.000886,0.000815,0.000728,0.000927,0.001240,0.000970,0.000811,0.018043,0.000347,0.005172,0.001359,0.000756,0.133368,0.000089,0.000751,0.001211,0.061610,0.000834,0.000872,0.000454,0.000070,0.000854,0.000964,0.000057,0.001017,0.000690,0.000084,0.000881,0.000463,0.001777,0.001941,0.000347,0.000817,0.002916,0.001111,0.000669,0.001272,0.000695,0.003010,0.000889,0.000959,0.000785,0.107364,0.000080,0.000313,0.000715,0.006603,0.000906,0.000212,0.029843
0.000769,0.000644,0.002892,0.000746,0.000017,0.001545,0.011068,0.001657,0.004890,0.000550,0.000126,0.000704,0.001308,0.058884,0.000020,0.002736,0.005124,0.001668,0.000306,0.001206,0.000139,0.000824,0.043497,0.000938,0.001474,0.000023,0.000430,0.000214,0.008280,0.000519,0.000293,0.001060,0.000075,0.000749,0.000744,0.000970,0.000503,0.000688,0.000449,0.000833,0.000746,0.001620,0.000682,0.004810,0.000709,0.001350,0.037136,0.000733,0.000084,0.000520,0.000364,0.002686,0.000966,0.000093,0.000667,0.001538,0.000573,0.000674,0.001460,0.000666,0.000638,0.006382,0.000883,0.000108,0.000408,0.001890,0.010932,0.004567,0.000049,0.000695,0.000570,0.001382,0.001945,0.000753,0.000208,0.000577,0.000679,0.004055,0.000839,0.000159,0.000808,0.000225,0.000512,0.000868,0.015284,0.000484,0.000602,0.003941,0.000181,0.075594,0.001205,0.000022,0.001232,0.002301,0.000069,0.000372,0.000599,0.151383,0.000039,0.001206,0.000627,0.062424,0.000616,0.000826,0.000225,0.005154,0.003730,0.000697,0.000719,0.002097,0.000567,0.000789,0.000325,0.000593,0.000777,0.000726,0.009296,0.000239,0.001991,0.001028,0.006255,0.000901,0.000693,0.000720,0.000676,0.000019,0.001960,0.000421,0.001020,0.012232,0.000594,0.000810,0.000878,0.000444,0.000818,0.015407,0.000731,0.001678,0.091382,0.024589,0.000580,0.000293,0.000266,0.000787,0.000607,0.000274,0.000990,0.003229,0.003934,0.006736,0.000720,0.000754,0.000534,0.000726,0.003186,0.000702,0.000947,0.000036,0.000017,0.000202,0.000348,0.000792,0.000057,0.000199,0.000555,0.000765,0.004182,0.000801,0.000882,0.004666,0.002171,0.000771,0.000690,0.020773,0.000642,0.001095,0.000027,0.000639,0.000370,0.000402,0.001366,0.000758,0.000947,0.000109,0.000660,0.002031,0.006521,0.001612,0.011953,0.001601,0.000726,0.001104,0.000028,0.000058,0.000833,0.001230,0.094287,0.000671,0.038858,0.000335
0.001421,0.001414,0.001473,0.001480,0.000091,0.001128,0.001978,0.002197,0.004784,0.003781,0.000901,0.001385,0.001719,0.003415,0.000106,0.002697,0.000097,0.000391,0.004900,0.002422,0.000232,0.001307,0.021812,0.001419,0.001712,0.000077,0.001084,0.000124,0.007765,0.001336,0.002422,0.001467,0.000839,0.001325,0.001444,0.001707,0.000885,0.002237,0.000976,0.001314,0.000793,0.002180,0.003072,0.016430,0.002650,0.000510,0.161033,0.001598,0.000376,0.001317,0.001578,0.001062,0.001676,0.001289,0.001329,0.001445,0.001436,0.001347,0.000937,0.001358,0.001444,0.005518,0.002067,0.000491,0.001338,0.003097,0.000615,0.002946,0.000205,0.001381,0.001108,0.002303,0.005165,0.001411,0.000983,0.001200,0.001413,0.001102,0.002171,0.000775,0.001483,0.000090,0.002299,0.001303,0.000194,0.002671,0.001407,0.040515,0.002657,0.001678,0.000793,0.000101,0.001752,0.001395,0.000297,0.110514,0.000728,0.001361,0.000087,0.001584,0.002639,0.000091,0.001335,0.001482,0.002591,0.000189,0.000317,0.001521,0.001403,0.001197,0.001172,0.001521,0.000721,0.000218,0.022187,0.001525,0.002365,0.000914,0.001865,0.001341,0.000679,0.001298,0.001324,0.001777,0.001480,0.000252,0.000910,0.001325,0.001153,0.027949,0.001423,0.001509,0.001342,0.001947,0.001347,0.021347,0.001432,0.001297,0.006221,0.117844,0.001096,0.000365,0.000052,0.002678,0.001317,0.001099,0.001882,0.014196,0.020754,0.001082,0.001616,0.001826,0.001556,0.001425,0.002147,0.001465,0.001891,0.000099,0.000040,0.000303,0.001450,0.001902,0.004386,0.032401,0.001041,0.001261,0.000293,0.002065,0.001341,0.006180,0.025541,0.001356,0.001606,0.008547,0.001616,0.002216,0.000260,0.001878,0.002395,0.001751,0.001859,0.001073,0.001315,0.003778,0.001396,0.002137,0.001178,0.005922,0.017944,0.000661,0.001444,0.001361,0.003421,0.000055,0.000832,0.001501,0.051386,0.001361,0.001926,0.000301
0.000556,0.000643,0.000207,0.000654,0.000016,0.000305,0.000306,0.001666,0.005599,0.001946,0.000206,0.000683,0.000432,0.000357,0.000020,0.001804,0.000812,0.000693,0.063522,0.000378,0.006124,0.000497,0.000287,0.001012,0.000407,0.000051,0.000589,0.002856,0.000180,0.000556,0.000079,0.000673,0.000120,0.000625,0.000580,0.000727,0.000391,0.000314,0.001408,0.000489,0.000173,0.000505,0.000796,0.000240,0.000421,0.000187,0.000453,0.000584,0.001449,0.000444,0.000712,0.000656,0.000661,0.076373,0.000568,0.000631,0.000562,0.000601,0.000435,0.000525,0.000692,0.000686,0.000200,0.000063,0.000360,0.000947,0.000076,0.000979,0.000016,0.000516,0.000623,0.000735,0.002759,0.000666,0.000117,0.000503,0.000549,0.000165,0.000516,0.000798,0.000581,0.000052,0.000427,0.000567,0.005532,0.000443,0.000503,0.071125,0.000321,0.001180,0.000921,0.000021,0.000042,0.000103,0.023888,0.000019,0.000534,0.132446,0.048098,0.000624,0.000513,0.000020,0.000521,0.000634,0.000208,0.000151,0.000206,0.000704,0.000581,0.000527,0.000480,0.000647,0.000248,0.000046,0.047732,0.000869,0.020305,0.000065,0.000522,0.000538,0.000365,0.000527,0.000591,0.000748,0.000534,0.000042,0.000366,0.000342,0.001533,0.012390,0.000640,0.000938,0.000588,0.000714,0.000626,0.002060,0.000576,0.000749,0.000506,0.064992,0.000416,0.000365,0.000199,0.000637,0.000336,0.000023,0.000464,0.000099,0.000049,0.000416,0.000642,0.000622,0.000447,0.000602,0.000897,0.000580,0.000600,0.000139,0.000065,0.000171,0.001017,0.000890,0.000030,0.000030,0.000947,0.001250,0.147979,0.000522,0.000641,0.000194,0.049870,0.000604,0.000678,0.067822,0.000640,0.000355,0.000038,0.000630,0.000832,0.000674,0.000826,0.000355,0.000634,0.000271,0.000500,0.000446,0.005339,0.000298,0.000893,0.000269,0.000592,0.000585,0.002824,0.000015,0.000346,0.000427,0.019689,0.000545,0.030077,0.001170
0.000381,0.000689,0.000016,0.000512,0.000957,0.000699,0.000048,0.000339,0.000231,0.000312,0.001242,0.000431,0.000566,0.000920,0.000024,0.000948,0.000010,0.000049,0.014401,0.001565,0.000021,0.000251,0.081023,0.000480,0.001483,0.042047,0.000517,0.000122,0.006229,0.000556,0.000338,0.000481,0.000173,0.000533,0.000464,0.000420,0.000826,0.000140,0.000528,0.001250,0.005514,0.000348,0.000467,0.000389,0.000838,0.000034,0.080896,0.000436,0.000028,0.000855,0.000290,0.000555,0.000414,0.000053,0.000422,0.000392,0.000583,0.000413,0.001408,0.000438,0.000583,0.003035,0.008772,0.023974,0.001422,0.000543,0.000134,0.000095,0.028378,0.000601,0.000325,0.000321,0.000178,0.000432,0.000160,0.000437,0.000547,0.000058,0.000977,0.000058,0.000542,0.000017,0.000302,0.000530,0.001041,0.000377,0.000342,0.024690,0.000152,0.028852,0.000710,0.101077,0.022062,0.001934,0.000054,0.117369,0.001732,0.000026,0.020618,0.000481,0.000098,0.041893,0.000352,0.000574,0.001032,0.000165,0.000188,0.000435,0.000479,0.000303,0.000504,0.000458,0.000734,0.000020,0.015309,0.000601,0.002673,0.000165,0.001284,0.000399,0.000080,0.000514,0.000410,0.000762,0.000419,0.000013,0.000700,0.001358,0.000337,0.000132,0.000437,0.000434,0.000406,0.000839,0.000457,0.000048,0.000503,0.000253,0.000027,0.000025,0.000329,0.002077,0.036695,0.000271,0.001152,0.038216,0.002577,0.000765,0.000672,0.000691,0.000371,0.000396,0.001804,0.000451,0.000280,0.000481,0.000422,0.002285,0.033793,0.000277,0.001012,0.000371,0.000141,0.002522,0.000373,0.000473,0.000708,0.000630,0.000465,0.005735,0.040880,0.000472,0.000427,0.001518,0.000474,0.000520,0.046756,0.000306,0.000211,0.000218,0.000221,0.000863,0.000645,0.000053,0.000395,0.000890,0.001164,0.000372,0.000414,0.000482,0.000443,0.000452,0.007061,0.028479,0.000109,0.000679,0.000104,0.000542,0.001283,0.000372
0.000381,0.000991,0.000007,0.000542,0.073808,0.000153,0.000256,0.000233,0.000121,0.000059,0.001659,0.000431,0.000394,0.000255,0.000010,0.003549,0.095978,0.010150,0.000014,0.000435,0.029134,0.000241,0.004564,0.000369,0.000332,0.000529,0.000433,0.042583,0.000063,0.000310,0.002858,0.000438,0.000858,0.000547,0.000461,0.000459,0.000534,0.003882,0.000724,0.000361,0.000117,0.000306,0.000464,0.003209,0.000130,0.015622,0.000027,0.000435,0.011654,0.000401,0.000329,0.001236,0.000429,0.000008,0.000426,0.000309,0.000619,0.000458,0.000711,0.000407,0.000518,0.000348,0.000221,0.002836,0.000668,0.000836,0.012574,0.000608,0.030189,0.000590,0.000852,0.000334,0.000901,0.000724,0.003184,0.000394,0.000422,0.001718,0.000250,0.000248,0.000431,0.047645,0.000676,0.000426,0.000052,0.001003,0.000338,0.001217,0.000120,0.014271,0.000693,0.000013,0.016940,0.001919,0.006285,0.000011,0.000393,0.053982,0.000061,0.000383,0.004959,0.000013,0.000453,0.000411,0.001082,0.000140,0.000172,0.000429,0.000435,0.000434,0.000413,0.000433,0.000332,0.045094,0.000024,0.000355,0.001561,0.000777,0.000817,0.000352,0.000092,0.000377,0.000513,0.000358,0.000686,0.000006,0.000620,0.000368,0.000458,0.001300,0.000735,0.000421,0.000496,0.000352,0.000562,0.002398,0.000429,0.000667,0.000022,0.000026,0.000515,0.000994,0.000051,0.000712,0.000319,0.000077,0.000207,0.003393,0.005055,0.003142,0.000581,0.000650,0.000762,0.000527,0.000371,0.000430,0.000446,0.000214,0.004448,0.009725,0.000748,0.000411,0.010305,0.000020,0.000666,0.000871,0.118329,0.000390,0.000580,0.003016,0.000021,0.000380,0.000477,0.000010,0.000470,0.000306,0.000017,0.000336,0.000574,0.000752,0.000317,0.000398,0.000363,0.025006,0.000486,0.000242,0.000156,0.000492,0.000081,0.003454,0.000469,0.000381,0.096254,0.000007,0.000084,0.000837,0.107837,0.000485,0.000038,0.000059
0.000790,0.000276,0.118103,0.000475,0.000008,0.000243,0.019265,0.002159,0.007905,0.002301,0.000200,0.000547,0.002058,0.039882,0.000010,0.004176,0.000010,0.000048,0.052614,0.001219,0.000037,0.000681,0.025156,0.000490,0.000657,0.000079,0.000283,0.000025,0.000998,0.000424,0.012005,0.000792,0.000039,0.000377,0.000420,0.000467,0.000994,0.003028,0.000425,0.000565,0.002535,0.002224,0.000721,0.000030,0.001270,0.001032,0.100905,0.000424,0.000065,0.000365,0.000121,0.007002,0.000531,0.084365,0.000409,0.000724,0.000384,0.000386,0.000867,0.000376,0.000355,0.011597,0.001174,0.000815,0.000647,0.000610,0.000387,0.001187,0.000407,0.000427,0.000379,0.000772,0.002070,0.000458,0.000275,0.000320,0.000474,0.000162,0.000572,0.000214,0.000432,0.000015,0.000360,0.000471,0.001997,0.000364,0.000339,0.001919,0.000156,0.025943,0.000170,0.041706,0.000355,0.000074,0.000051,0.115114,0.000212,0.000916,0.001512,0.000688,0.000136,0.077522,0.000321,0.000625,0.000096,0.000154,0.000182,0.000506,0.000419,0.000207,0.000319,0.000482,0.000150,0.000010,0.010540,0.000498,0.002864,0.000160,0.001021,0.000463,0.002339,0.000550,0.000411,0.000757,0.000388,0.040162,0.001101,0.000411,0.000571,0.004888,0.000615,0.000415,0.000512,0.000244,0.000761,0.004839,0.000427,0.000496,0.001224,0.000057,0.000426,0.000673,0.000016,0.001544,0.000397,0.000423,0.002780,0.000293,0.000309,0.000136,0.000426,0.000492,0.000448,0.000453,0.001315,0.000476,0.000554,0.000024,0.000014,0.000045,0.000511,0.000799,0.000045,0.000719,0.000300,0.000477,0.001331,0.000540,0.000498,0.000609,0.030898,0.000659,0.000388,0.012389,0.000391,0.000808,0.024844,0.000322,0.000335,0.000111,0.001186,0.000834,0.000478,0.000087,0.000406,0.001295,0.003207,0.000520,0.007517,0.000144,0.000427,0.000594,0.000033,0.005885,0.001211,0.000494,0.000007,0.000458,0.000058,0.008039
0.000708,0.000932,0.000115,0.000813,0.000118,0.000428,0.000388,0.000934,0.001355,0.001011,0.002082,0.000823,0.000830,0.002018,0.052434,0.000348,0.000312,0.000513,0.000135,0.001994,0.000188,0.002724,0.084130,0.001101,0.000706,0.037113,0.000658,0.000678,0.013159,0.000867,0.011477,0.000954,0.000123,0.000743,0.000858,0.000840,0.000576,0.002871,0.000328,0.001484,0.004838,0.000895,0.000914,0.000864,0.000833,0.000400,0.006076,0.000828,0.000048,0.001287,0.001247,0.000349,0.000895,0.006162,0.000733,0.000725,0.000890,0.000756,0.000582,0.000988,0.001330,0.001084,0.002338,0.003138,0.002100,0.001833,0.000161,0.002384,0.000104,0.000788,0.000569,0.000529,0.001128,0.000823,0.001447,0.000693,0.000827,0.000305,0.001434,0.000648,0.000793,0.000074,0.000724,0.000744,0.002418,0.000641,0.000657,0.012777,0.002416,0.001084,0.000493,0.201225,0.000409,0.001495,0.000180,0.181868,0.000490,0.000049,0.006686,0.000673,0.000479,0.000229,0.000917,0.000702,0.004145,0.008937,0.006059,0.000813,0.000808,0.000462,0.000657,0.000814,0.000441,0.000190,0.000244,0.000730,0.000560,0.001597,0.000701,0.000662,0.000204,0.000745,0.000763,0.000951,0.001077,0.010183,0.001084,0.000939,0.000509,0.007032,0.000972,0.000756,0.000756,0.000883,0.001309,0.001082,0.000844,0.000602,0.000994,0.000044,0.000564,0.002208,0.000094,0.002353,0.001311,0.021412,0.002668,0.001797,0.001559,0.000293,0.000721,0.000917,0.001265,0.000790,0.000830,0.000775,0.000668,0.011340,0.000042,0.000257,0.001899,0.000792,0.000561,0.003339,0.000652,0.000839,0.003715,0.000905,0.000756,0.001355,0.000462,0.000726,0.000956,0.002622,0.000786,0.001043,0.096082,0.001126,0.000738,0.000982,0.001133,0.000613,0.000784,0.000060,0.000842,0.002739,0.000500,0.000578,0.002792,0.000296,0.000793,0.000776,0.000065,0.005371,0.000899,0.001553,0.024319,0.000721,0.001598,0.019757
0.000599,0.000510,0.002072,0.000558,0.000021,0.002666,0.003044,0.001232,0.003534,0.000484,0.000899,0.000544,0.000700,0.012381,0.000120,0.000714,0.017316,0.002428,0.081973,0.001440,0.000201,0.002414,0.007096,0.000460,0.000915,0.035909,0.000452,0.000076,0.007065,0.000793,0.000255,0.000644,0.000149,0.000870,0.000582,0.000564,0.000340,0.000274,0.001189,0.000964,0.000975,0.000686,0.000762,0.000089,0.002973,0.000038,0.096251,0.000552,0.000036,0.000757,0.000718,0.000535,0.000621,0.033431,0.000530,0.000481,0.000573,0.000521,0.000846,0.000516,0.000550,0.000325,0.002077,0.000306,0.000511,0.001524,0.001486,0.002545,0.000445,0.000561,0.000506,0.000989,0.000599,0.000623,0.000121,0.000464,0.000583,0.000155,0.001324,0.000083,0.000666,0.000028,0.000446,0.000564,0.002128,0.000464,0.000526,0.001223,0.000871,0.000156,0.000326,0.101427,0.047925,0.000213,0.000034,0.014159,0.000500,0.042375,0.000044,0.000783,0.000134,0.099624,0.000579,0.000558,0.000480,0.009062,0.007327,0.000547,0.000693,0.000396,0.000533,0.000558,0.000529,0.000020,0.040242,0.000807,0.000432,0.000512,0.001018,0.000564,0.000528,0.000829,0.000538,0.000761,0.000506,0.000286,0.001432,0.000534,0.000409,0.000334,0.000873,0.000561,0.000574,0.000442,0.000831,0.001518,0.000608,0.000464,0.000069,0.000035,0.000746,0.001500,0.011088,0.001555,0.000556,0.000568,0.002219,0.001691,0.001673,0.003228,0.000501,0.000733,0.001013,0.000553,0.000442,0.000650,0.000860,0.000017,0.000015,0.000072,0.000609,0.000995,0.000023,0.013660,0.000427,0.000825,0.004143,0.000543,0.000612,0.000603,0.009772,0.000623,0.000564,0.092292,0.000499,0.001073,0.052245,0.000339,0.000237,0.000099,0.000702,0.000669,0.000587,0.000047,0.000487,0.000670,0.005467,0.000340,0.000410,0.005377,0.000615,0.000791,0.000015,0.000377,0.000504,0.001401,0.000030,0.000512,0.027328,0.000092
0.000700,0.000660,0.001067,0.000668,0.000031,0.001336,0.001464,0.000390,0.000221,0.000158,0.000774,0.000705,0.000707,0.045761,0.001990,0.000578,0.000581,0.000620,0.008412,0.000995,0.000668,0.000992,0.001387,0.000806,0.001088,0.000897,0.000668,0.000098,0.009759,0.000540,0.003153,0.000903,0.000086,0.000703,0.000671,0.000795,0.000808,0.000269,0.000884,0.001535,0.003811,0.000317,0.001080,0.000119,0.000889,0.001618,0.047545,0.000693,0.000047,0.000841,0.002110,0.000263,0.000731,0.073808,0.000644,0.000657,0.000730,0.000719,0.000792,0.000708,0.000875,0.002176,0.004055,0.000337,0.000873,0.001740,0.002223,0.003057,0.090977,0.000670,0.000526,0.000987,0.000840,0.000680,0.000470,0.000567,0.000703,0.000253,0.001113,0.000147,0.000778,0.000136,0.000865,0.000672,0.000430,0.000726,0.000715,0.000228,0.002681,0.000061,0.000608,0.078987,0.063151,0.000072,0.000385,0.157041,0.001582,0.000097,0.066496,0.000676,0.000852,0.001277,0.000745,0.000650,0.001255,0.004718,0.004425,0.000679,0.000708,0.000487,0.000586,0.000705,0.000421,0.000088,0.006070,0.000767,0.000425,0.001484,0.000521,0.000548,0.000223,0.000663,0.000645,0.000708,0.000655,0.000042,0.000684,0.000846,0.000513,0.003499,0.000779,0.000748,0.000722,0.000554,0.000564,0.001885,0.000713,0.000418,0.001162,0.043089,0.000497,0.002784,0.000607,0.000751,0.000986,0.005422,0.000758,0.006315,0.009337,0.001334,0.000654,0.000683,0.000525,0.000700,0.000846,0.000750,0.000914,0.000053,0.000028,0.000253,0.003261,0.000798,0.000026,0.005511,0.000526,0.000872,0.004558,0.000799,0.000814,0.003264,0.002551,0.000747,0.000613,0.038128,0.000724,0.001183,0.047598,0.000653,0.000436,0.000595,0.000519,0.000638,0.000787,0.000117,0.000653,0.000749,0.001014,0.000342,0.003429,0.000481,0.000689,0.000756,0.000036,0.019068,0.000343,0.000995,0.009027,0.000652,0.002932,0.000086
0.000445,0.000339,0.003168,0.000391,0.009128,0.004704,0.000028,0.000400,0.000364,0.000068,0.001959,0.000444,0.000339,0.002814,0.095477,0.000056,0.000029,0.000121,0.000072,0.000525,0.000041,0.002616,0.000730,0.000462,0.000687,0.041329,0.000587,0.000596,0.002208,0.000653,0.000030,0.000295,0.015644,0.000546,0.000390,0.000355,0.000184,0.000278,0.001255,0.001252,0.005999,0.000454,0.000337,0.000035,0.003781,0.000018,0.000042,0.000397,0.000027,0.000503,0.000267,0.000646,0.000352,0.059084,0.000543,0.000434,0.000449,0.000388,0.000807,0.000390,0.000335,0.000037,0.000334,0.001752,0.000761,0.000395,0.002943,0.000781,0.000008,0.000341,0.000321,0.000901,0.000151,0.000419,0.000064,0.000564,0.000421,0.000077,0.000234,0.000046,0.000500,0.000026,0.000298,0.000443,0.014946,0.000253,0.000427,0.000057,0.000363,0.007179,0.000226,0.002159,0.056901,0.003221,0.000024,0.022059,0.000867,0.024400,0.000018,0.000786,0.000256,0.070101,0.000350,0.000433,0.000302,0.005491,0.006609,0.000386,0.000462,0.001634,0.000598,0.000452,0.001307,0.000018,0.035316,0.000661,0.000197,0.000250,0.000472,0.000466,0.000932,0.000340,0.000480,0.000456,0.000437,0.000099,0.003046,0.000334,0.000480,0.000035,0.000829,0.000397,0.000358,0.000957,0.000415,0.000308,0.000442,0.000181,0.000051,0.000022,0.000246,0.000597,0.079879,0.000148,0.001872,0.097166,0.000166,0.002074,0.001579,0.012827,0.000312,0.000318,0.000234,0.000385,0.000229,0.000422,0.000620,0.000013,0.005595,0.000035,0.002250,0.000642,0.000014,0.002063,0.000281,0.001016,0.115746,0.000414,0.000371,0.000553,0.004821,0.000503,0.000346,0.000009,0.000376,0.000918,0.000359,0.000273,0.000186,0.000110,0.000160,0.000395,0.000682,0.000034,0.000329,0.000206,0.001565,0.000218,0.000057,0.000267,0.000425,0.000741,0.000014,0.109198,0.000171,0.000742,0.000005,0.000363,0.000018,0.000081
0.000957,0.000532,0.048110,0.000680,0.033213,0.000273,0.017390,0.002810,0.010391,0.000581,0.004519,0.000758,0.000625,0.000014,0.000259,0.000819,0.001039,0.000853,0.000034,0.000929,0.000861,0.007585,0.010960,0.000834,0.001228,0.021912,0.000557,0.051463,0.000587,0.000819,0.000887,0.000554,0.017806,0.000736,0.000684,0.000715,0.000387,0.001257,0.001269,0.000593,0.000322,0.000488,0.000508,0.000286,0.000751,0.006886,0.000964,0.000686,0.000226,0.000836,0.002262,0.000656,0.000674,0.078137,0.000666,0.000552,0.000833,0.000786,0.001948,0.000732,0.000967,0.000131,0.000122,0.040053,0.001493,0.000944,0.015199,0.000891,0.000465,0.000948,0.001096,0.000435,0.002367,0.000681,0.000164,0.000632,0.000837,0.000225,0.000373,0.004364,0.000654,0.000139,0.000891,0.000739,0.000188,0.000997,0.000720,0.000419,0.000274,0.019231,0.000603,0.000055,0.000160,0.006330,0.000260,0.002088,0.000936,0.000021,0.000038,0.000650,0.000149,0.000031,0.000712,0.000684,0.002368,0.000092,0.000152,0.000720,0.000687,0.000288,0.000660,0.000697,0.000524,0.001423,0.002448,0.000710,0.005591,0.000195,0.000461,0.000876,0.001281,0.000640,0.000771,0.000778,0.000912,0.002305,0.000794,0.000433,0.000505,0.001507,0.000619,0.000676,0.000686,0.001252,0.001037,0.000341,0.000730,0.000484,0.000035,0.000040,0.000674,0.004635,0.061403,0.000514,0.001035,0.006260,0.001234,0.011417,0.030578,0.002825,0.000618,0.000764,0.000292,0.000705,0.000672,0.000732,0.000590,0.027804,0.177283,0.000116,0.003965,0.000734,0.114594,0.022936,0.001026,0.000484,0.000029,0.000630,0.000741,0.000627,0.000073,0.000596,0.000906,0.014810,0.000658,0.000419,0.000027,0.000785,0.000662,0.001658,0.000623,0.000543,0.000991,0.000156,0.000870,0.001394,0.000830,0.000435,0.000624,0.001121,0.000702,0.000618,0.002820,0.000844,0.000090,0.000881,0.000063,0.000755,0.000199,0.000181
0.000534,0.000797,0.000050,0.000666,0.000082,0.000160,0.025949,0.000813,0.001002,0.001030,0.000625,0.000608,0.000641,0.000038,0.000024,0.001477,0.000855,0.000628,0.000149,0.000256,0.000114,0.000258,0.000024,0.000960,0.000299,0.016454,0.000566,0.008779,0.000100,0.000620,0.011441,0.000537,0.004430,0.000667,0.000597,0.000552,0.002804,0.000326,0.000328,0.000508,0.000216,0.000289,0.000420,0.008185,0.000274,0.036416,0.000015,0.000752,0.053705,0.000646,0.000821,0.000748,0.000569,0.000015,0.000651,0.000622,0.000750,0.000772,0.000447,0.000623,0.000544,0.000453,0.000028,0.000144,0.000386,0.000464,0.000222,0.000742,0.000049,0.000599,0.000867,0.000492,0.000612,0.000607,0.000229,0.000793,0.000579,0.000697,0.000363,0.001891,0.000582,0.058459,0.001012,0.000556,0.000080,0.001076,0.000878,0.000020,0.001664,0.000024,0.000726,0.000041,0.000021,0.000198,0.062997,0.000014,0.000285,0.137466,0.000257,0.000377,0.000784,0.000024,0.000882,0.000514,0.002176,0.001153,0.001270,0.000597,0.000730,0.001640,0.000783,0.000649,0.001202,0.015756,0.000116,0.000576,0.000265,0.000281,0.000342,0.000600,0.000336,0.000636,0.000558,0.000524,0.000552,0.124690,0.000228,0.000566,0.000429,0.000097,0.000543,0.000960,0.000632,0.000704,0.000459,0.000221,0.000596,0.001368,0.000900,0.058353,0.000775,0.000205,0.000291,0.002454,0.000305,0.000016,0.000228,0.013525,0.028686,0.000817,0.000658,0.000936,0.000299,0.000601,0.000469,0.000599,0.000741,0.000040,0.000014,0.026488,0.000084,0.000436,0.092614,0.014468,0.000499,0.000425,0.000017,0.000684,0.000572,0.000057,0.000026,0.000539,0.000928,0.027206,0.000615,0.000343,0.000022,0.000517,0.000555,0.000305,0.000479,0.001070,0.000493,0.048760,0.000757,0.000348,0.000283,0.003088,0.000552,0.001347,0.000652,0.000491,0.013035,0.000009,0.000191,0.000288,0.000025,0.000698,0.000035,0.013474
0.000998,0.000825,0.004480,0.001002,0.000269,0.000695,0.009226,0.001070,0.001531,0.003213,0.000613,0.000895,0.001587,0.003675,0.000127,0.001376,0.000941,0.000966,0.001055,0.001173,0.000145,0.001106,0.122771,0.001415,0.001486,0.000421,0.001175,0.006620,0.003523,0.001208,0.000329,0.000979,0.000409,0.000837,0.000986,0.000968,0.001431,0.001990,0.000511,0.000813,0.001607,0.000790,0.001514,0.000733,0.000803,0.019042,0.006185,0.000903,0.010453,0.000758,0.000491,0.001380,0.000905,0.018536,0.000853,0.001853,0.000871,0.000986,0.000647,0.000906,0.000799,0.004977,0.000273,0.000427,0.000902,0.000303,0.000130,0.000662,0.069540,0.000814,0.000927,0.001070,0.000792,0.000909,0.003651,0.000843,0.000957,0.000927,0.001459,0.000926,0.000906,0.006923,0.001249,0.000936,0.000133,0.001266,0.000685,0.189104,0.001030,0.000585,0.000911,0.000069,0.003276,0.005031,0.002548,0.000932,0.000576,0.000042,0.004028,0.000855,0.005201,0.000029,0.000792,0.001051,0.000884,0.018034,0.013095,0.000922,0.001040,0.000853,0.000819,0.000928,0.000588,0.001728,0.000746,0.000876,0.000121,0.012206,0.000696,0.000982,0.024098,0.000819,0.001177,0.000876,0.000971,0.036375,0.001248,0.001987,0.000568,0.001379,0.000836,0.000888,0.001067,0.000537,0.001070,0.000184,0.000975,0.000811,0.000138,0.001900,0.000860,0.001209,0.000943,0.001073,0.001063,0.002429,0.002092,0.003058,0.004259,0.000451,0.000806,0.000905,0.001563,0.000932,0.000713,0.001025,0.000854,0.006576,0.047773,0.000389,0.001311,0.000753,0.000509,0.000084,0.000935,0.000738,0.000087,0.000927,0.000869,0.000282,0.000141,0.001061,0.000826,0.067682,0.000841,0.001116,0.048463,0.000684,0.000461,0.000760,0.001117,0.001388,0.001255,0.000250,0.000919,0.001834,0.000390,0.001044,0.003935,0.000609,0.000914,0.000871,0.000069,0.000267,0.000808,0.000812,0.015438,0.000841,0.034036,0.018782
0.000683,0.000945,0.000074,0.000799,0.000036,0.000286,0.000844,0.000572,0.000381,0.000813,0.000268,0.000794,0.000565,0.153811,0.000062,0.001251,0.059150,0.006292,0.052987,0.001164,0.000901,0.000926,0.015736,0.000933,0.000634,0.001140,0.000558,0.039460,0.000180,0.000559,0.003405,0.001430,0.000072,0.000698,0.000841,0.000963,0.000561,0.005748,0.000722,0.001637,0.007636,0.001860,0.001075,0.002728,0.001234,0.005779,0.005203,0.000859,0.020497,0.000702,0.002511,0.000584,0.000941,0.058458,0.000728,0.000615,0.000664,0.000734,0.000742,0.000778,0.000843,0.010149,0.000156,0.000958,0.000866,0.000864,0.001010,0.002167,0.026963,0.000788,0.000672,0.000928,0.003859,0.000787,0.000633,0.000575,0.000752,0.000521,0.001097,0.002239,0.000730,0.000070,0.001014,0.000731,0.000646,0.000810,0.000751,0.002985,0.000412,0.009532,0.000370,0.122447,0.000185,0.000156,0.003214,0.002061,0.000504,0.000021,0.001424,0.000647,0.000282,0.000023,0.000839,0.000722,0.000193,0.000928,0.000988,0.000842,0.000753,0.000665,0.000582,0.000904,0.000264,0.000197,0.003563,0.000810,0.004861,0.000460,0.000660,0.000821,0.000569,0.000669,0.001068,0.000916,0.000697,0.000057,0.000318,0.000874,0.000739,0.020711,0.000763,0.000741,0.000846,0.000625,0.001299,0.017165,0.000754,0.001736,0.000467,0.068303,0.000671,0.000717,0.000026,0.003041,0.000383,0.000021,0.002277,0.000242,0.000192,0.000231,0.000953,0.001233,0.000555,0.000760,0.001836,0.000751,0.000706,0.004331,0.012639,0.003158,0.002675,0.000834,0.003890,0.000339,0.001040,0.000645,0.000120,0.000741,0.000794,0.015960,0.005289,0.000964,0.000683,0.000041,0.000747,0.001154,0.019276,0.001223,0.000864,0.001225,0.002219,0.000433,0.000700,0.000821,0.000883,0.001151,0.000570,0.000373,0.008315,0.000593,0.000771,0.000661,0.000055,0.000337,0.003075,0.000762,0.036056,0.000718,0.029236,0.001621
0.000330,0.000309,0.000590,0.000317,0.000173,0.003098,0.000033,0.000497,0.001047,0.000033,0.008452,0.000323,0.000295,0.002150,0.043480,0.000104,0.000359,0.000341,0.027110,0.000551,0.000033,0.000329,0.056607,0.000300,0.000504,0.042974,0.000240,0.000169,0.000306,0.000562,0.000027,0.000246,0.010798,0.000482,0.000316,0.000294,0.000160,0.000096,0.001415,0.000333,0.000435,0.000611,0.000271,0.000028,0.001123,0.000015,0.021716,0.000325,0.000022,0.000606,0.000857,0.000126,0.000293,0.000020,0.000394,0.000238,0.000444,0.000301,0.001508,0.000323,0.000576,0.000026,0.000096,0.012452,0.000922,0.000813,0.005242,0.000856,0.000008,0.000447,0.000243,0.000829,0.000192,0.000365,0.000047,0.000461,0.000361,0.000067,0.000222,0.000033,0.000423,0.000012,0.000389,0.000293,0.000997,0.000303,0.000377,0.000027,0.001593,0.000020,0.000148,0.071480,0.056627,0.000952,0.000017,0.094258,0.000598,0.003257,0.000014,0.000478,0.000595,0.034289,0.000354,0.000306,0.001680,0.000163,0.000194,0.000332,0.000415,0.002048,0.000434,0.000359,0.000952,0.000008,0.050085,0.000635,0.000276,0.000138,0.000491,0.000296,0.000091,0.000283,0.000327,0.000623,0.000295,0.000051,0.002462,0.000980,0.000229,0.000031,0.000590,0.000312,0.000296,0.000837,0.000496,0.000391,0.000351,0.000139,0.000014,0.000018,0.000210,0.001157,0.086108,0.000129,0.001671,0.104293,0.000226,0.007921,0.015723,0.008703,0.000250,0.000264,0.000331,0.000431,0.000196,0.000374,0.000547,0.000009,0.000234,0.000029,0.001011,0.000283,0.000014,0.005504,0.000235,0.000651,0.080381,0.000329,0.000326,0.000029,0.000121,0.000357,0.000307,0.018006,0.000281,0.000794,0.035143,0.000356,0.000198,0.000096,0.000151,0.000360,0.000421,0.000021,0.000272,0.000162,0.005379,0.000168,0.000038,0.000238,0.000352,0.000580,0.000010,0.022207,0.000125,0.000996,0.000006,0.000397,0.000033,0.000025
0.000463,0.000458,0.000499,0.000502,0.000009,0.000551,0.001870,0.001281,0.004273,0.001132,0.001282,0.000450,0.000563,0.044859,0.000136,0.000553,0.018472,0.002476,0.007347,0.000931,0.000045,0.000676,0.084091,0.000557,0.001167,0.025704,0.000319,0.000041,0.006808,0.000563,0.000080,0.000548,0.000076,0.000536,0.000517,0.000529,0.000374,0.000689,0.000240,0.001539,0.007686,0.003053,0.000803,0.000051,0.003061,0.000022,0.113471,0.000455,0.000031,0.000413,0.001210,0.000227,0.000495,0.041081,0.000579,0.000788,0.000466,0.000432,0.001925,0.000401,0.000396,0.001599,0.001044,0.000103,0.000556,0.000326,0.003046,0.003432,0.000262,0.000435,0.000439,0.000807,0.000536,0.000451,0.000110,0.000514,0.000512,0.000070,0.000755,0.000075,0.000551,0.000019,0.000416,0.000521,0.000523,0.000476,0.000344,0.044723,0.000421,0.000916,0.000477,0.130990,0.048478,0.001983,0.000039,0.023272,0.000725,0.078087,0.000022,0.000981,0.000072,0.010275,0.000374,0.000611,0.000092,0.002040,0.002382,0.000451,0.000536,0.000165,0.000450,0.000460,0.000447,0.000041,0.009027,0.000487,0.004321,0.000173,0.000735,0.000480,0.002367,0.000624,0.000433,0.000650,0.000442,0.060330,0.002063,0.000788,0.000315,0.002693,0.000364,0.000449,0.000597,0.000281,0.000870,0.000086,0.000466,0.000346,0.002346,0.000463,0.000555,0.001927,0.004764,0.000236,0.000748,0.008920,0.001048,0.000192,0.000237,0.002037,0.000393,0.000408,0.000680,0.000517,0.001327,0.000480,0.000758,0.000014,0.000014,0.000047,0.000502,0.000737,0.000019,0.017859,0.000480,0.000630,0.000933,0.000414,0.000452,0.001812,0.022524,0.000455,0.000417,0.006239,0.000456,0.000869,0.036008,0.001039,0.000299,0.000447,0.000335,0.000596,0.000655,0.000029,0.000395,0.001390,0.007492,0.002238,0.003227,0.000195,0.000502,0.000804,0.000011,0.000012,0.000104,0.001238,0.000076,0.000448,0.012442,0.000043
0.000746,0.001862,0.000015,0.001090,0.037860,0.001106,0.001606,0.000375,0.000192,0.000327,0.000646,0.000864,0.000710,0.000111,0.000022,0.004732,0.010652,0.002436,0.000199,0.000743,0.000207,0.000757,0.035795,0.000688,0.000655,0.002688,0.000751,0.000380,0.002277,0.000722,0.001340,0.000752,0.006965,0.000912,0.000844,0.000894,0.010038,0.000335,0.000624,0.000718,0.000139,0.001486,0.001160,0.045059,0.000243,0.000122,0.000021,0.000852,0.002951,0.001046,0.002291,0.000686,0.000897,0.003547,0.000843,0.000609,0.000858,0.000881,0.000445,0.000928,0.000799,0.000396,0.002598,0.000058,0.000508,0.000598,0.015659,0.004681,0.015215,0.000746,0.000725,0.000654,0.000845,0.000863,0.000678,0.000843,0.000800,0.007001,0.000524,0.000705,0.000865,0.000453,0.000795,0.000880,0.001313,0.000846,0.000709,0.026993,0.000640,0.000861,0.000701,0.000022,0.000483,0.000381,0.062594,0.000021,0.002217,0.175748,0.000305,0.000834,0.001383,0.000194,0.000753,0.000853,0.006731,0.000316,0.000374,0.000865,0.000886,0.001194,0.000838,0.000854,0.000820,0.003908,0.008811,0.000834,0.041213,0.000076,0.000726,0.000947,0.001074,0.000820,0.000886,0.000841,0.000926,0.000013,0.000728,0.000739,0.000954,0.001436,0.001031,0.000862,0.000822,0.000874,0.000478,0.002980,0.000863,0.000785,0.055909,0.000066,0.001195,0.000202,0.003395,0.001418,0.000968,0.002415,0.000343,0.002865,0.002183,0.000732,0.000881,0.000954,0.000613,0.000901,0.001190,0.000843,0.000827,0.001046,0.001211,0.027796,0.000935,0.000778,0.020223,0.000042,0.000640,0.001624,0.206242,0.001311,0.000948,0.001465,0.000056,0.000684,0.000977,0.000014,0.000785,0.000667,0.000043,0.000734,0.000877,0.000322,0.001184,0.001631,0.000886,0.000284,0.000769,0.000691,0.000498,0.002895,0.002408,0.000993,0.000878,0.000923,0.000056,0.000023,0.001308,0.001241,0.011965,0.001046,0.000956,0.000101
0.000413,0.000493,0.000123,0.000430,0.030413,0.000253,0.000032,0.000264,0.000148,0.000098,0.002396,0.000482,0.000355,0.000015,0.000010,0.012031,0.000016,0.000079,0.000016,0.000387,0.000064,0.002372,0.000029,0.000458,0.000497,0.037622,0.000524,0.010564,0.009787,0.000762,0.000028,0.000381,0.005725,0.000430,0.000496,0.000423,0.000586,0.000251,0.000459,0.000442,0.000297,0.000152,0.000699,0.000069,0.000091,0.023151,0.004779,0.000436,0.029586,0.000585,0.000568,0.000284,0.000426,0.009184,0.000448,0.000588,0.000665,0.000431,0.000332,0.000535,0.000514,0.000099,0.033559,0.004328,0.000661,0.000212,0.010172,0.000944,0.058204,0.000410,0.000405,0.000830,0.003608,0.000439,0.000239,0.000487,0.000440,0.000092,0.000519,0.000170,0.000467,0.000017,0.000689,0.000412,0.000055,0.000933,0.000387,0.001078,0.001039,0.000033,0.000169,0.006223,0.048790,0.000357,0.000088,0.109237,0.000716,0.129122,0.000112,0.000257,0.001097,0.000021,0.000622,0.000378,0.009447,0.000145,0.000183,0.000441,0.000444,0.000180,0.000482,0.000446,0.000559,0.000022,0.045582,0.000685,0.004610,0.000121,0.000400,0.000362,0.000055,0.000388,0.000493,0.000742,0.000634,0.000032,0.000132,0.000628,0.000322,0.000307,0.000403,0.000432,0.000414,0.001289,0.000735,0.000298,0.000458,0.000383,0.000041,0.000078,0.000393,0.000117,0.011360,0.000304,0.000951,0.016694,0.000365,0.017323,0.057243,0.004181,0.000389,0.000406,0.000584,0.000434,0.000401,0.000534,0.000507,0.000049,0.000010,0.013259,0.000392,0.000380,0.000853,0.000021,0.000339,0.001000,0.127454,0.000463,0.000644,0.000699,0.000020,0.000362,0.000501,0.000007,0.000425,0.000750,0.000017,0.000841,0.000958,0.000973,0.000333,0.000311,0.000459,0.000075,0.000585,0.001056,0.000911,0.000706,0.000207,0.000288,0.000438,0.000439,0.002714,0.019835,0.001666,0.000385,0.021717,0.000455,0.000045,0.000113
0.000219,0.000415,0.000008,0.000264,0.000007,0.002178,0.000019,0.000103,0.000055,0.000022,0.000293,0.000291,0.000218,0.084404,0.000131,0.000288,0.000019,0.000075,0.041729,0.000673,0.000022,0.000188,0.046704,0.000506,0.000621,0.001290,0.000165,0.000032,0.002819,0.000311,0.000031,0.000307,0.000042,0.000319,0.000293,0.000328,0.000107,0.000137,0.001171,0.000924,0.006355,0.000435,0.000472,0.000099,0.002062,0.000012,0.062283,0.000254,0.000017,0.000282,0.000283,0.000169,0.000314,0.023200,0.000238,0.000347,0.000228,0.000240,0.001366,0.000259,0.000361,0.000175,0.000203,0.016600,0.000185,0.000364,0.001949,0.003837,0.000008,0.000301,0.000183,0.000313,0.000246,0.000256,0.000071,0.000216,0.000345,0.000042,0.000836,0.000023,0.000354,0.000010,0.000176,0.000291,0.004942,0.000173,0.000204,0.008305,0.000080,0.021506,0.000350,0.068007,0.038588,0.001570,0.000016,0.058527,0.000613,0.050889,0.000011,0.000267,0.000034,0.049831,0.000296,0.000237,0.000225,0.000173,0.000173,0.000250,0.000333,0.000270,0.000221,0.000262,0.000166,0.000015,0.027305,0.000420,0.002476,0.000061,0.000623,0.000317,0.000785,0.000339,0.000253,0.000386,0.000231,0.000013,0.001839,0.000517,0.000189,0.000695,0.000246,0.000248,0.000291,0.000176,0.000328,0.000329,0.000266,0.000174,0.000057,0.000014,0.000171,0.000133,0.051262,0.000111,0.000900,0.043285,0.000497,0.004028,0.009008,0.006257,0.000204,0.000214,0.000303,0.000269,0.000447,0.000303,0.000494,0.000006,0.000008,0.000027,0.000683,0.000264,0.000008,0.021774,0.000189,0.000289,0.000684,0.000278,0.000334,0.001138,0.003271,0.000272,0.000236,0.049589,0.000239,0.000844,0.035966,0.000195,0.000131,0.000065,0.000458,0.000290,0.000505,0.000068,0.000220,0.000781,0.003794,0.000154,0.001888,0.000113,0.000280,0.000529,0.000006,0.075328,0.000040,0.000764,0.000013,0.000245,0.021013,0.000032
0.000673,0.000468,0.009219,0.000552,0.000011,0.000275,0.031682,0.001203,0.003609,0.000227,0.000644,0.000564,0.000707,0.051630,0.007560,0.000347,0.041975,0.004484,0.008642,0.001111,0.000442,0.000513,0.060174,0.000561,0.000563,0.064164,0.000819,0.000029,0.009795,0.000665,0.008606,0.000943,0.000054,0.000580,0.000565,0.000637,0.000308,0.001019,0.001247,0.000883,0.001594,0.000381,0.000352,0.000454,0.000745,0.002193,0.018963,0.000556,0.000035,0.000435,0.001302,0.000463,0.000566,0.097498,0.000747,0.001052,0.000459,0.000533,0.000991,0.000542,0.000525,0.001621,0.000060,0.000587,0.000471,0.001267,0.008389,0.001477,0.033367,0.000494,0.000694,0.000332,0.000508,0.000554,0.000486,0.000539,0.000545,0.000105,0.000881,0.000113,0.000655,0.000026,0.000987,0.000519,0.000147,0.000801,0.000526,0.000072,0.001449,0.000096,0.000449,0.075921,0.011983,0.000731,0.000041,0.144456,0.000476,0.002052,0.000033,0.000563,0.004133,0.000908,0.000663,0.000516,0.000267,0.000307,0.000304,0.000555,0.000575,0.000675,0.000510,0.000570,0.000427,0.000022,0.038941,0.000680,0.000214,0.001772,0.000388,0.000483,0.000144,0.000621,0.000577,0.000876,0.000540,0.052796,0.001632,0.000412,0.000558,0.001808,0.000545,0.000567,0.000670,0.000368,0.000334,0.000224,0.000576,0.000486,0.000249,0.000134,0.000410,0.002438,0.001347,0.000919,0.001154,0.019453,0.000684,0.000112,0.000061,0.000391,0.000455,0.000530,0.000523,0.000561,0.000394,0.000561,0.000652,0.000120,0.001541,0.000054,0.000259,0.000477,0.000032,0.040425,0.000419,0.000462,0.000014,0.000539,0.000543,0.000147,0.000027,0.000454,0.000669,0.000020,0.000506,0.001113,0.000144,0.001416,0.000331,0.000249,0.000574,0.000244,0.000728,0.000152,0.000526,0.000367,0.007878,0.001195,0.000811,0.000218,0.000564,0.000755,0.000014,0.015649,0.005100,0.000998,0.000090,0.000619,0.001048,0.021829
0.000446,0.000806,0.000017,0.000596,0.000801,0.002442,0.000033,0.000374,0.000227,0.000214,0.000957,0.000512,0.000522,0.000891,0.000014,0.002656,0.000012,0.000060,0.008187,0.000539,0.000030,0.000299,0.000036,0.000745,0.001465,0.004806,0.000898,0.000033,0.001988,0.000725,0.000022,0.000548,0.000140,0.000475,0.000520,0.000519,0.000322,0.000177,0.002094,0.001131,0.002288,0.003169,0.001370,0.000243,0.001174,0.000027,0.114607,0.000530,0.000259,0.000517,0.000942,0.000379,0.000521,0.001172,0.000519,0.000377,0.000542,0.000492,0.000452,0.000526,0.000544,0.001310,0.004697,0.001272,0.000388,0.000365,0.001440,0.003756,0.003087,0.000505,0.000383,0.000907,0.000384,0.000511,0.000340,0.000507,0.000515,0.000322,0.000608,0.000281,0.000532,0.000048,0.000344,0.000698,0.012709,0.000329,0.000396,0.102351,0.000196,0.018588,0.000522,0.042870,0.036069,0.000703,0.000068,0.000130,0.000735,0.154711,0.000025,0.000748,0.000095,0.000464,0.000416,0.000680,0.000331,0.000767,0.000700,0.000509,0.000544,0.000246,0.000570,0.000525,0.000658,0.000043,0.000813,0.000513,0.002490,0.000176,0.001303,0.000415,0.000065,0.000520,0.000561,0.000600,0.000511,0.000006,0.000463,0.000957,0.000531,0.001017,0.001014,0.000511,0.000570,0.000484,0.000590,0.000459,0.000509,0.000543,0.004767,0.000193,0.000590,0.000165,0.008139,0.000223,0.000482,0.000265,0.000656,0.001710,0.001749,0.000276,0.000601,0.000491,0.000795,0.000527,0.000461,0.000517,0.000771,0.000017,0.000023,0.000102,0.003581,0.000828,0.000023,0.000039,0.000485,0.000918,0.110523,0.000845,0.000678,0.001479,0.020797,0.000591,0.000488,0.089928,0.000488,0.000653,0.061808,0.000365,0.000332,0.000152,0.001041,0.000489,0.000647,0.000044,0.000440,0.001459,0.001469,0.000288,0.000669,0.001129,0.000516,0.000463,0.000110,0.007177,0.000094,0.000554,0.079763,0.000543,0.000038,0.000101
0.000868,0.001050,0.000242,0.000912,0.046893,0.001978,0.000208,0.000377,0.000199,0.000214,0.010983,0.001076,0.000665,0.000014,0.000022,0.007535,0.000079,0.000302,0.084701,0.001120,0.000072,0.000735,0.023313,0.001260,0.002169,0.002406,0.000796,0.001543,0.003522,0.000753,0.003384,0.000764,0.018397,0.001141,0.000925,0.000859,0.000455,0.000335,0.000761,0.002965,0.013086,0.000779,0.000925,0.000302,0.002676,0.005117,0.000056,0.000919,0.014082,0.001671,0.001544,0.000579,0.000878,0.083773,0.001136,0.000708,0.001221,0.000979,0.002231,0.001202,0.000925,0.000469,0.000097,0.049688,0.002180,0.001941,0.011639,0.000308,0.001832,0.001292,0.000955,0.001638,0.000803,0.000913,0.000641,0.000933,0.001082,0.000395,0.001041,0.000211,0.001079,0.000053,0.001169,0.000937,0.000171,0.001511,0.000782,0.000061,0.004035,0.000046,0.001555,0.000060,0.007909,0.004151,0.000759,0.034254,0.000837,0.000018,0.027650,0.000915,0.010294,0.003096,0.000905,0.000945,0.011851,0.000068,0.000137,0.000913,0.000945,0.000431,0.001187,0.001005,0.002107,0.000054,0.001050,0.000983,0.000221,0.003790,0.000672,0.000799,0.000327,0.000824,0.001149,0.001136,0.000847,0.030799,0.000831,0.001666,0.000543,0.001068,0.000962,0.000958,0.000904,0.001041,0.001238,0.000156,0.001038,0.000493,0.000095,0.000052,0.000625,0.000285,0.037322,0.000751,0.002693,0.109608,0.000898,0.022118,0.054306,0.005304,0.000784,0.000923,0.001046,0.000951,0.001036,0.001172,0.001284,0.000057,0.000034,0.000218,0.000375,0.000834,0.000051,0.102857,0.000940,0.000528,0.000018,0.001082,0.001102,0.000190,0.000172,0.001320,0.000862,0.000086,0.000898,0.001487,0.000260,0.000983,0.000762,0.001855,0.000738,0.001383,0.001093,0.000937,0.001239,0.000598,0.000447,0.001584,0.001093,0.000335,0.000992,0.001191,0.000052,0.007342,0.005016,0.000632,0.000028,0.000987,0.000126,0.001740
0.000590,0.000304,0.040781,0.000425,0.000021,0.000151,0.015425,0.000886,0.002405,0.008996,0.000075,0.000399,0.000572,0.000158,0.094571,0.000070,0.000099,0.000228,0.000066,0.000273,0.021635,0.000132,0.000015,0.000385,0.000291,0.022207,0.000717,0.000163,0.000048,0.000348,0.016016,0.000591,0.000044,0.000376,0.000403,0.000394,0.000341,0.000635,0.000149,0.000344,0.000059,0.000127,0.000208,0.007313,0.000075,0.032612,0.000079,0.000411,0.001468,0.000292,0.000298,0.000193,0.000394,0.000021,0.000387,0.000280,0.000472,0.000550,0.000386,0.000423,0.000371,0.000395,0.000067,0.000601,0.000657,0.000480,0.000377,0.000063,0.045574,0.000417,0.000527,0.000222,0.000333,0.000776,0.018686,0.000436,0.000419,0.002798,0.000205,0.009065,0.000385,0.047734,0.000239,0.000635,0.013758,0.000257,0.000584,0.000011,0.001655,0.000032,0.000657,0.000012,0.000015,0.001729,0.011418,0.000010,0.000137,0.000011,0.050420,0.000285,0.000265,0.000012,0.000402,0.000406,0.000401,0.000085,0.000116,0.000441,0.000406,0.001522,0.000350,0.000427,0.000209,0.020787,0.000015,0.000308,0.000077,0.002057,0.000265,0.000494,0.009403,0.000356,0.000759,0.000334,0.000373,0.090154,0.000262,0.000266,0.001156,0.002179,0.000316,0.000411,0.000472,0.000295,0.000285,0.000035,0.000420,0.000428,0.000059,0.000023,0.000410,0.000309,0.005889,0.000382,0.000284,0.000051,0.000282,0.000041,0.000013,0.000056,0.000440,0.000440,0.000475,0.000422,0.000408,0.000407,0.000342,0.066594,0.074219,0.017941,0.000672,0.000450,0.000034,0.000017,0.000824,0.000534,0.023591,0.000407,0.000392,0.000373,0.000020,0.000375,0.000423,0.000016,0.000398,0.000167,0.000014,0.000371,0.000556,0.001130,0.000476,0.001362,0.000340,0.004325,0.000677,0.000207,0.000229,0.000420,0.000559,0.000628,0.000437,0.000355,0.022777,0.000013,0.008092,0.000284,0.127654,0.000428,0.000035,0.003276
0.000517,0.000557,0.000299,0.000563,0.000041,0.000151,0.000085,0.000518,0.000515,0.001695,0.000065,0.000527,0.000549,0.001157,0.085034,0.000150,0.000821,0.000679,0.000012,0.000304,0.001333,0.000238,0.000074,0.000555,0.000357,0.000030,0.000502,0.000142,0.000109,0.000546,0.000092,0.000565,0.000222,0.000487,0.000579,0.000515,0.000509,0.004527,0.000192,0.000445,0.000122,0.000205,0.000336,0.005545,0.000177,0.030188,0.000013,0.000651,0.041693,0.000377,0.000911,0.000624,0.000537,0.000009,0.000520,0.000383,0.000528,0.000664,0.000245,0.000511,0.000516,0.000402,0.000040,0.000034,0.000334,0.000510,0.000071,0.000291,0.000071,0.000463,0.000898,0.000326,0.000508,0.000525,0.000589,0.000591,0.000495,0.001478,0.000291,0.003667,0.000500,0.094282,0.000539,0.000553,0.000881,0.000451,0.000768,0.000014,0.000123,0.032930,0.000788,0.000012,0.000018,0.000259,0.000054,0.000011,0.000566,0.172231,0.000194,0.000354,0.000173,0.003355,0.000706,0.000466,0.000235,0.010137,0.007462,0.000525,0.000562,0.000644,0.000507,0.000533,0.000396,0.133775,0.000018,0.000384,0.000271,0.000905,0.000309,0.000717,0.005388,0.000501,0.000560,0.000372,0.000632,0.000052,0.000171,0.000236,0.001828,0.000808,0.000561,0.000561,0.000492,0.000595,0.000589,0.002205,0.000521,0.000847,0.053422,0.053565,0.000424,0.000146,0.000009,0.001033,0.000254,0.000012,0.000378,0.000238,0.000146,0.000195,0.000984,0.000564,0.000175,0.000552,0.000859,0.000586,0.000443,0.032833,0.000052,0.005055,0.000128,0.000527,0.091986,0.008054,0.000841,0.000345,0.000015,0.000469,0.000498,0.010424,0.000652,0.000456,0.000682,0.006472,0.000867,0.000379,0.014141,0.000518,0.000576,0.000467,0.000256,0.000878,0.000428,0.000235,0.000612,0.000490,0.000610,0.000973,0.000238,0.000373,0.000532,0.000451,0.000066,0.000008,0.000221,0.000592,0.000789,0.000611,0.000050,0.014040
0.000924,0.000489,0.053697,0.000644,0.000014,0.000968,0.001225,0.001114,0.002628,0.000693,0.000176,0.000637,0.000881,0.146080,0.139673,0.000132,0.000324,0.000463,0.106568,0.000891,0.001579,0.000902,0.006005,0.000639,0.000566,0.001008,0.000636,0.000075,0.015994,0.000478,0.001394,0.001028,0.000064,0.000660,0.000656,0.000711,0.000392,0.000759,0.001447,0.000547,0.000315,0.000595,0.001674,0.002393,0.001550,0.000093,0.024269,0.000686,0.000055,0.000510,0.000320,0.002661,0.000719,0.000203,0.000627,0.001014,0.000524,0.000622,0.000787,0.000568,0.000775,0.021759,0.000051,0.000099,0.000521,0.000508,0.002732,0.002473,0.001094,0.000584,0.000686,0.000795,0.001440,0.000639,0.000513,0.000619,0.000613,0.000735,0.000788,0.000190,0.000705,0.013417,0.000789,0.000613,0.000178,0.000892,0.000958,0.000019,0.000281,0.037134,0.000621,0.050621,0.000889,0.000132,0.001138,0.001945,0.000563,0.097375,0.000038,0.000726,0.001089,0.011127,0.000698,0.000645,0.000150,0.000188,0.000274,0.000672,0.000666,0.000989,0.000568,0.000669,0.000396,0.000060,0.002486,0.000716,0.003366,0.000276,0.000888,0.000549,0.003500,0.001029,0.000608,0.000618,0.000590,0.000180,0.001983,0.001239,0.000967,0.005022,0.000539,0.000747,0.000865,0.000366,0.001368,0.005186,0.000638,0.000658,0.009851,0.000356,0.000476,0.000321,0.000021,0.002071,0.000578,0.000250,0.000428,0.000094,0.000042,0.000496,0.000835,0.000938,0.000322,0.000670,0.000617,0.000712,0.000771,0.000071,0.024240,0.000080,0.000376,0.000514,0.000253,0.000129,0.000880,0.000855,0.014459,0.000603,0.000642,0.000894,0.001407,0.000558,0.000732,0.037164,0.000588,0.000680,0.042450,0.001223,0.000567,0.000262,0.000700,0.000307,0.000735,0.000115,0.000697,0.000568,0.002908,0.001666,0.001293,0.002963,0.000660,0.000916,0.000116,0.000060,0.000210,0.000918,0.000070,0.000628,0.001706,0.000118
0.000402,0.000982,0.000008,0.000560,0.000009,0.000901,0.000781,0.000377,0.000322,0.000156,0.003569,0.000453,0.000510,0.118284,0.000013,0.001935,0.087728,0.008491,0.000075,0.000196,0.030725,0.000218,0.000102,0.000355,0.000202,0.016155,0.000427,0.022213,0.000052,0.000438,0.000071,0.000370,0.004284,0.000734,0.000500,0.000398,0.000436,0.000138,0.001496,0.000383,0.000125,0.000321,0.000492,0.000192,0.000355,0.002003,0.000011,0.000483,0.037658,0.000451,0.000446,0.000550,0.000411,0.000008,0.000597,0.000298,0.000603,0.000435,0.001335,0.000484,0.000399,0.000036,0.000021,0.008011,0.000302,0.000282,0.011884,0.000558,0.000142,0.000440,0.000977,0.000405,0.000383,0.000455,0.000676,0.000718,0.000500,0.000101,0.000215,0.000070,0.000545,0.024039,0.001137,0.000445,0.000051,0.001319,0.000494,0.000021,0.001455,0.000014,0.000721,0.000010,0.045007,0.000516,0.000095,0.000009,0.000294,0.122378,0.000021,0.000654,0.000100,0.072370,0.000461,0.000437,0.009809,0.000151,0.000209,0.000471,0.000455,0.000692,0.000351,0.000545,0.000169,0.002998,0.005811,0.000561,0.000151,0.000552,0.000482,0.000296,0.000031,0.000833,0.000445,0.000377,0.000428,0.000040,0.000343,0.000905,0.000375,0.009056,0.000512,0.000578,0.000452,0.002120,0.001032,0.000558,0.000451,0.000396,0.000028,0.044253,0.000477,0.000242,0.092717,0.000579,0.000508,0.000741,0.000170,0.006831,0.017222,0.016835,0.000357,0.000433,0.000236,0.000515,0.000271,0.000605,0.000902,0.000011,0.000010,0.002152,0.000109,0.000600,0.000133,0.000048,0.000360,0.000834,0.099988,0.000405,0.000429,0.000866,0.000023,0.000372,0.000420,0.000007,0.000411,0.000576,0.000016,0.000319,0.000514,0.000162,0.000217,0.000353,0.000380,0.000027,0.000395,0.000230,0.005954,0.001613,0.000071,0.000298,0.000468,0.000740,0.000025,0.000066,0.000071,0.000658,0.000007,0.000436,0.000461,0.000335
0.000374,0.000328,0.000967,0.000356,0.000016,0.000126,0.000065,0.001754,0.006306,0.018444,0.000018,0.000373,0.000368,0.024427,0.093260,0.000025,0.000010,0.000051,0.000012,0.000219,0.021864,0.000136,0.002709,0.000529,0.000445,0.000012,0.000441,0.000119,0.000034,0.000258,0.000235,0.000651,0.000033,0.000329,0.000347,0.000369,0.002105,0.001832,0.000125,0.000299,0.000131,0.000209,0.000147,0.001921,0.000220,0.001336,0.010764,0.000534,0.030927,0.000586,0.000421,0.000144,0.000382,0.000006,0.000330,0.000353,0.000299,0.000348,0.000147,0.000310,0.000356,0.006795,0.000071,0.000021,0.000224,0.000111,0.000169,0.000253,0.000047,0.000316,0.000270,0.000211,0.000351,0.000529,0.009047,0.000335,0.000336,0.003765,0.000184,0.016185,0.000346,0.032958,0.000348,0.000347,0.000123,0.000346,0.000310,0.019164,0.000069,0.033680,0.000483,0.000009,0.000012,0.000718,0.045905,0.000007,0.000338,0.111067,0.017401,0.000346,0.000028,0.000047,0.000333,0.000363,0.000044,0.002536,0.002635,0.000372,0.000353,0.000958,0.000355,0.000352,0.000279,0.035754,0.000013,0.000267,0.012383,0.000044,0.000723,0.000395,0.000235,0.000597,0.000330,0.000283,0.000368,0.009892,0.000361,0.000185,0.000754,0.004589,0.000275,0.000345,0.000384,0.000274,0.000442,0.000042,0.000397,0.001800,0.051147,0.000093,0.000885,0.000179,0.024328,0.000274,0.000176,0.000009,0.000605,0.000029,0.000005,0.000028,0.000461,0.000433,0.000225,0.000349,0.000342,0.000502,0.000310,0.079157,0.104397,0.013771,0.000069,0.000376,0.000628,0.000185,0.000866,0.000240,0.000017,0.000382,0.000318,0.007939,0.023818,0.000262,0.000650,0.000007,0.000395,0.000138,0.016177,0.000939,0.002028,0.004579,0.000536,0.000323,0.000295,0.000902,0.000322,0.000193,0.000147,0.000237,0.000031,0.000283,0.000423,0.000266,0.001700,0.000005,0.012094,0.000199,0.014068,0.000322,0.012215,0.004492
0.000909,0.000997,0.000394,0.000950,0.000080,0.000915,0.000702,0.000699,0.000471,0.000560,0.000464,0.000965,0.001885,0.026809,0.000056,0.001904,0.000039,0.000177,0.000082,0.001010,0.000127,0.001596,0.093544,0.001167,0.001001,0.005796,0.000738,0.000639,0.000952,0.000721,0.002076,0.001188,0.000166,0.000865,0.000952,0.001217,0.000892,0.007274,0.000423,0.001005,0.002147,0.000420,0.000763,0.000510,0.001778,0.001043,0.000220,0.000962,0.073594,0.000903,0.000413,0.006480,0.001190,0.000045,0.000925,0.001927,0.000758,0.000889,0.001498,0.000889,0.000810,0.008377,0.000335,0.041634,0.000741,0.000881,0.007603,0.001595,0.015193,0.001141,0.001185,0.001009,0.003834,0.000926,0.000180,0.000738,0.001101,0.000657,0.001526,0.001685,0.000908,0.001864,0.001142,0.000920,0.001036,0.000850,0.000713,0.129300,0.000585,0.005051,0.000617,0.001372,0.000036,0.000194,0.000822,0.005444,0.000634,0.132849,0.000281,0.000635,0.003897,0.000065,0.001034,0.000862,0.000525,0.001005,0.001083,0.001096,0.000930,0.001050,0.000726,0.001120,0.000311,0.030757,0.002101,0.000938,0.007982,0.000328,0.001093,0.000852,0.000210,0.000954,0.001733,0.001030,0.001345,0.000055,0.000532,0.001575,0.001235,0.017761,0.000772,0.000938,0.000974,0.000860,0.000632,0.015963,0.000988,0.000959,0.000107,0.005990,0.000605,0.000315,0.000033,0.004259,0.000663,0.000169,0.001530,0.003386,0.002795,0.001457,0.000915,0.001213,0.000833,0.000960,0.000888,0.001078,0.001378,0.000039,0.000021,0.000377,0.000371,0.001243,0.000775,0.000050,0.000774,0.001339,0.117767,0.000980,0.000929,0.000291,0.000215,0.000927,0.000831,0.000381,0.001086,0.000766,0.064499,0.000688,0.000987,0.000977,0.002750,0.000356,0.000908,0.000091,0.001122,0.004455,0.000479,0.003001,0.011750,0.000662,0.000938,0.001000,0.000025,0.000024,0.000297,0.000858,0.000345,0.001091,0.000061,0.002464
0.001084,0.001014,0.001996,0.001095,0.017755,0.000865,0.032697,0.000765,0.000508,0.000286,0.000672,0.001046,0.000766,0.000099,0.000159,0.001501,0.031215,0.004606,0.000034,0.000513,0.006639,0.000467,0.000038,0.000865,0.000534,0.018869,0.001085,0.004898,0.000276,0.001578,0.000783,0.000859,0.023940,0.001526,0.001045,0.001091,0.000448,0.006391,0.001635,0.000888,0.000161,0.000539,0.001443,0.000129,0.001424,0.003043,0.000025,0.001343,0.093091,0.001036,0.001506,0.000458,0.001035,0.033146,0.001010,0.000669,0.001668,0.001029,0.002316,0.000985,0.000908,0.000119,0.000672,0.058288,0.000713,0.002476,0.003174,0.002411,0.042365,0.001454,0.001146,0.001692,0.001600,0.001192,0.000354,0.000983,0.001088,0.000432,0.000787,0.001440,0.001030,0.156781,0.000726,0.001287,0.019381,0.000737,0.001169,0.001799,0.000237,0.002872,0.001769,0.000543,0.000280,0.000605,0.005601,0.000021,0.001604,0.000025,0.000085,0.001673,0.007773,0.000041,0.000870,0.001349,0.002040,0.000099,0.000195,0.001029,0.001040,0.000809,0.000981,0.001070,0.000622,0.074886,0.000084,0.000920,0.001064,0.000685,0.001478,0.000969,0.000268,0.000921,0.001000,0.000777,0.001171,0.000035,0.000272,0.001086,0.001353,0.000986,0.000890,0.001084,0.000991,0.002563,0.001579,0.000412,0.001054,0.001325,0.001420,0.043284,0.001948,0.000452,0.009108,0.000569,0.000606,0.000050,0.000878,0.002919,0.003211,0.001513,0.001139,0.001027,0.000582,0.001115,0.001293,0.001250,0.001913,0.000028,0.000028,0.047644,0.000177,0.000997,0.001437,0.010592,0.000947,0.001290,0.007240,0.001299,0.001020,0.001177,0.000061,0.000760,0.001764,0.004003,0.001315,0.000777,0.000038,0.001166,0.002837,0.006292,0.000831,0.001114,0.000922,0.009476,0.001057,0.000645,0.001679,0.000658,0.000222,0.001573,0.001168,0.000983,0.000533,0.003434,0.000298,0.000720,0.000114,0.001220,0.000077,0.050236
0.000843,0.000352,0.099890,0.000550,0.000093,0.000561,0.011277,0.000573,0.000935,0.001767,0.001606,0.000539,0.000384,0.000017,0.132334,0.000042,0.015805,0.002384,0.000033,0.000350,0.007916,0.000183,0.000041,0.000766,0.001079,0.005422,0.000471,0.022349,0.012603,0.000492,0.001438,0.000398,0.019076,0.000460,0.000510,0.000440,0.000267,0.002928,0.000129,0.000448,0.000754,0.002131,0.000288,0.000300,0.001544,0.000035,0.000014,0.000497,0.004073,0.000897,0.000614,0.002161,0.000452,0.000009,0.000581,0.000792,0.000549,0.000646,0.000430,0.000475,0.000529,0.000216,0.006712,0.010995,0.000936,0.000141,0.015480,0.000272,0.048806,0.000513,0.001036,0.000435,0.000333,0.000497,0.007422,0.000787,0.000523,0.002653,0.000233,0.009445,0.000474,0.000315,0.000310,0.000691,0.007477,0.000346,0.000526,0.000610,0.000085,0.093977,0.000884,0.000020,0.000083,0.001137,0.000877,0.029752,0.000172,0.000011,0.053566,0.000694,0.000044,0.000030,0.000430,0.000561,0.000145,0.018722,0.009997,0.000498,0.000498,0.000448,0.000575,0.000518,0.000715,0.001885,0.000557,0.000545,0.000074,0.005704,0.000325,0.000367,0.000058,0.000441,0.000565,0.000480,0.000469,0.003651,0.000385,0.000771,0.000648,0.000152,0.000580,0.000496,0.000660,0.000268,0.000246,0.000044,0.000529,0.000313,0.000126,0.000102,0.000468,0.000096,0.001312,0.001283,0.000685,0.004095,0.000271,0.000063,0.000027,0.000056,0.000503,0.000643,0.000214,0.000507,0.000250,0.000548,0.000420,0.056998,0.139255,0.000366,0.000865,0.000357,0.000570,0.028801,0.000680,0.000340,0.000013,0.000452,0.000476,0.000138,0.000022,0.000356,0.001147,0.002276,0.000455,0.000269,0.003323,0.000351,0.000321,0.000172,0.000257,0.001461,0.000467,0.009298,0.000467,0.000288,0.000131,0.001266,0.000175,0.004366,0.000506,0.000409,0.000169,0.000691,0.000170,0.000507,0.000027,0.000484,0.001492,0.009333
0.001045,0.000737,0.015479,0.000876,0.000579,0.004327,0.026109,0.002359,0.007723,0.001293,0.003844,0.000860,0.001134,0.001715,0.000134,0.001292,0.158511,0.015395,0.000151,0.001314,0.054684,0.006253,0.002021,0.000982,0.001189,0.023613,0.000768,0.001169,0.001107,0.000903,0.001716,0.000870,0.000512,0.001033,0.000910,0.001026,0.000504,0.000790,0.002689,0.000980,0.001188,0.000901,0.000486,0.031653,0.000699,0.000144,0.002058,0.000867,0.000224,0.001131,0.001715,0.000533,0.001002,0.100200,0.000967,0.001454,0.000919,0.000848,0.003135,0.000844,0.000861,0.000464,0.002208,0.000221,0.001944,0.002101,0.018379,0.001091,0.100562,0.000929,0.000927,0.002235,0.003596,0.001099,0.000145,0.000829,0.000911,0.000308,0.001744,0.000172,0.000996,0.000082,0.001652,0.000811,0.000109,0.001893,0.000815,0.000600,0.000596,0.000942,0.001755,0.003936,0.125247,0.003243,0.000098,0.000950,0.001034,0.000170,0.000083,0.000981,0.001020,0.000127,0.000896,0.000856,0.000472,0.000119,0.000190,0.000862,0.000892,0.000383,0.000877,0.000879,0.000836,0.000093,0.059987,0.001049,0.001354,0.000841,0.000575,0.000574,0.001896,0.000914,0.000828,0.000981,0.001043,0.031102,0.002552,0.000693,0.001050,0.001372,0.001794,0.000967,0.001115,0.000539,0.000482,0.000227,0.000865,0.001090,0.000184,0.001783,0.000870,0.001110,0.006234,0.001274,0.000763,0.000340,0.001114,0.001541,0.001889,0.002432,0.000884,0.001063,0.001090,0.000871,0.000926,0.001013,0.001579,0.000025,0.000031,0.001840,0.007007,0.000964,0.000089,0.000915,0.001058,0.000985,0.001707,0.000797,0.001065,0.000087,0.010306,0.001484,0.000771,0.000101,0.000778,0.000947,0.004350,0.001564,0.002275,0.001610,0.000892,0.001557,0.001047,0.000648,0.000772,0.000774,0.001494,0.000812,0.001258,0.001028,0.000880,0.001114,0.000034,0.000017,0.009057,0.000589,0.000020,0.001086,0.000394,0.000135
0.000331,0.000601,0.000017,0.000421,0.008791,0.000110,0.001132,0.000324,0.000325,0.008568,0.000383,0.000380,0.000432,0.000041,0.000042,0.000632,0.000992,0.000518,0.000010,0.000181,0.018595,0.001383,0.000020,0.000321,0.000157,0.009686,0.000330,0.020119,0.000048,0.000277,0.000107,0.000404,0.000499,0.000351,0.000378,0.000357,0.001063,0.000192,0.000127,0.000344,0.000357,0.002392,0.000242,0.026795,0.000098,0.015950,0.000009,0.000478,0.033682,0.000459,0.000325,0.000380,0.000363,0.000008,0.000368,0.000269,0.000361,0.000536,0.000214,0.000426,0.000403,0.005533,0.000017,0.000028,0.000247,0.000174,0.000245,0.000182,0.000164,0.000337,0.000497,0.000275,0.000160,0.000376,0.000596,0.000325,0.000365,0.000450,0.000341,0.000212,0.000390,0.063784,0.000303,0.000378,0.000387,0.000368,0.000299,0.053248,0.000686,0.000013,0.000504,0.000008,0.000013,0.000448,0.040411,0.000008,0.001226,0.018685,0.035395,0.000415,0.000246,0.000020,0.000361,0.000385,0.000863,0.006342,0.007952,0.000376,0.000474,0.000539,0.000262,0.000574,0.000090,0.077936,0.000014,0.000285,0.000167,0.002594,0.000213,0.000234,0.000030,0.000513,0.000340,0.000282,0.000377,0.134037,0.000095,0.000265,0.000332,0.033778,0.000576,0.000374,0.000466,0.000296,0.000585,0.000375,0.000385,0.000328,0.065052,0.044243,0.001041,0.000485,0.028712,0.000170,0.000276,0.000079,0.000142,0.000233,0.000139,0.000085,0.000490,0.000466,0.000639,0.000381,0.000426,0.000379,0.000341,0.001682,0.000018,0.010531,0.000047,0.000291,0.023436,0.000017,0.000711,0.000300,0.000051,0.000376,0.000362,0.000278,0.006657,0.000328,0.000430,0.003688,0.000419,0.000232,0.000014,0.000433,0.000782,0.001730,0.000448,0.000534,0.000301,0.000103,0.000438,0.000197,0.000092,0.000724,0.000252,0.000283,0.000447,0.000302,0.041084,0.000005,0.000194,0.000162,0.038926,0.000472,0.054116,0.000373
0.000674,0.000731,0.000366,0.000788,0.000025,0.004366,0.001324,0.002340,0.008365,0.000452,0.000732,0.000679,0.000703,0.035719,0.000100,0.000981,0.000568,0.000645,0.034320,0.001131,0.000085,0.000451,0.012635,0.000878,0.000552,0.000700,0.000544,0.000195,0.015312,0.000620,0.000067,0.000854,0.000111,0.000841,0.000724,0.000807,0.000399,0.000215,0.001771,0.001443,0.004680,0.001309,0.001301,0.001961,0.002290,0.000035,0.142163,0.000695,0.000044,0.000867,0.000806,0.001140,0.000809,0.106810,0.000661,0.000843,0.000596,0.000656,0.001556,0.000635,0.000795,0.000639,0.000303,0.000151,0.000491,0.001358,0.000405,0.003084,0.000022,0.000670,0.000609,0.000887,0.002015,0.000685,0.000173,0.000623,0.000668,0.001101,0.000854,0.000116,0.000811,0.000031,0.000620,0.000696,0.001820,0.000655,0.000562,0.039804,0.000188,0.052234,0.000449,0.063294,0.026287,0.002545,0.000079,0.038665,0.000493,0.019357,0.000033,0.001131,0.000843,0.039644,0.000564,0.000900,0.000369,0.000354,0.000413,0.000694,0.000776,0.000308,0.000601,0.000721,0.000411,0.000030,0.041455,0.001054,0.004994,0.000197,0.001030,0.000656,0.000973,0.000822,0.000694,0.001129,0.000664,0.000018,0.003143,0.000728,0.000621,0.006094,0.000542,0.000697,0.000827,0.000485,0.000743,0.009764,0.000682,0.000770,0.008782,0.030022,0.000541,0.000870,0.028476,0.000438,0.000918,0.002509,0.000657,0.000788,0.000857,0.006100,0.000721,0.000719,0.001275,0.000710,0.000805,0.000692,0.001015,0.000029,0.000093,0.000084,0.000764,0.000659,0.000045,0.000493,0.000575,0.000740,0.001085,0.000893,0.000717,0.000232,0.001981,0.001040,0.000845,0.013327,0.000627,0.001050,0.065326,0.000593,0.000325,0.000124,0.000885,0.001659,0.001079,0.000061,0.000599,0.001305,0.007748,0.000973,0.001230,0.000350,0.000736,0.001184,0.000020,0.000062,0.000268,0.001454,0.000079,0.000718,0.006093,0.000068
0.000452,0.000756,0.000025,0.000546,0.000017,0.000387,0.000069,0.000420,0.000293,0.000175,0.000161,0.000533,0.000479,0.014811,0.006565,0.000333,0.052349,0.005264,0.001213,0.000631,0.010997,0.000492,0.097814,0.000472,0.000607,0.000513,0.000476,0.000058,0.000067,0.000614,0.000097,0.000663,0.000076,0.000520,0.000550,0.000590,0.000322,0.000508,0.001017,0.000632,0.000771,0.000898,0.000435,0.000099,0.000326,0.000047,0.079418,0.000547,0.000032,0.000593,0.000472,0.000757,0.000581,0.018263,0.000495,0.000475,0.000455,0.000507,0.000378,0.000560,0.000672,0.000195,0.004647,0.000047,0.000706,0.000808,0.000189,0.000624,0.000121,0.000454,0.000385,0.000495,0.000762,0.000583,0.000162,0.000450,0.000488,0.000256,0.000802,0.000236,0.000555,0.000038,0.000438,0.000542,0.003139,0.000401,0.000522,0.000905,0.000676,0.000369,0.000400,0.098360,0.044259,0.000098,0.000039,0.012518,0.001142,0.000567,0.000036,0.000508,0.000218,0.023952,0.000577,0.000488,0.000685,0.000119,0.000164,0.000514,0.000585,0.000544,0.000470,0.000528,0.000357,0.000029,0.015801,0.000664,0.000356,0.000443,0.000512,0.000534,0.000420,0.000561,0.000499,0.000649,0.000538,0.000048,0.001022,0.000906,0.000434,0.001324,0.000757,0.000526,0.000586,0.000381,0.000677,0.001056,0.000516,0.000440,0.018028,0.046260,0.000651,0.000244,0.046397,0.000311,0.000870,0.006554,0.000644,0.000216,0.000178,0.000763,0.000474,0.000479,0.000553,0.000519,0.000695,0.000515,0.000509,0.000797,0.002747,0.000313,0.000576,0.000486,0.002669,0.000029,0.000513,0.000794,0.106244,0.000536,0.000511,0.000135,0.000833,0.000585,0.000482,0.058473,0.000474,0.000783,0.017467,0.001167,0.001075,0.001660,0.000446,0.000759,0.000531,0.004373,0.000532,0.000343,0.002623,0.000332,0.000752,0.000278,0.000524,0.000794,0.000199,0.056125,0.001406,0.000802,0.002004,0.000475,0.056283,0.000060
0.000714,0.000805,0.000286,0.000738,0.000020,0.002110,0.000163,0.000616,0.000502,0.000349,0.000105,0.000785,0.000760,0.135436,0.120812,0.000217,0.000109,0.000306,0.004865,0.001537,0.000077,0.000716,0.026568,0.000867,0.001552,0.000086,0.000804,0.000036,0.000854,0.000619,0.004634,0.001227,0.000073,0.000727,0.000860,0.000808,0.000433,0.001054,0.003000,0.001350,0.005145,0.001793,0.001004,0.011344,0.001965,0.000042,0.035677,0.000786,0.000048,0.000856,0.000922,0.000595,0.000796,0.000067,0.000704,0.000928,0.000643,0.000717,0.000554,0.000713,0.000959,0.007825,0.000693,0.000082,0.000520,0.000851,0.000440,0.001587,0.000532,0.000655,0.000555,0.000635,0.000984,0.000738,0.000243,0.000654,0.000722,0.000291,0.001283,0.000190,0.000841,0.000052,0.001008,0.000706,0.000466,0.000797,0.000694,0.003504,0.001095,0.002000,0.000917,0.091988,0.027379,0.000147,0.002677,0.002704,0.000312,0.000035,0.000053,0.001449,0.001284,0.058354,0.000591,0.001034,0.000176,0.000416,0.000467,0.000778,0.000778,0.001976,0.000630,0.000789,0.000404,0.000146,0.000340,0.000729,0.003593,0.000280,0.001298,0.000805,0.004153,0.000758,0.000690,0.000902,0.000714,0.000190,0.002913,0.001188,0.000729,0.011494,0.001342,0.000768,0.000876,0.000512,0.000757,0.002615,0.000747,0.000721,0.080239,0.000066,0.000574,0.000395,0.000526,0.000981,0.000982,0.002540,0.000626,0.000194,0.000096,0.000284,0.000760,0.000790,0.000465,0.000758,0.000842,0.000749,0.000874,0.000088,0.007874,0.000086,0.002813,0.000855,0.000959,0.045717,0.001511,0.000585,0.000028,0.000710,0.000747,0.008028,0.023814,0.000854,0.000651,0.050531,0.000702,0.000723,0.083947,0.001350,0.000609,0.000991,0.000921,0.001128,0.000884,0.000256,0.000736,0.001223,0.004564,0.000552,0.001968,0.000649,0.000781,0.000798,0.000305,0.000292,0.001095,0.000900,0.003967,0.000836,0.000597,0.001548
0.001076,0.000565,0.067378,0.000781,0.009333,0.000735,0.001217,0.001181,0.002319,0.001541,0.001757,0.000851,0.000616,0.000026,0.000055,0.001419,0.000023,0.000114,0.002031,0.001520,0.000545,0.001204,0.000027,0.000658,0.001061,0.007805,0.001077,0.000597,0.000204,0.000527,0.000796,0.000954,0.000117,0.000773,0.000767,0.000776,0.000594,0.000389,0.002007,0.000640,0.000402,0.001023,0.000482,0.002685,0.001547,0.001585,0.014396,0.000744,0.000076,0.000685,0.001427,0.000388,0.000750,0.032622,0.000771,0.001034,0.000879,0.000809,0.002020,0.000783,0.000697,0.003326,0.000496,0.003371,0.002305,0.001973,0.000069,0.000653,0.043496,0.000818,0.000560,0.001011,0.000518,0.000739,0.000540,0.000676,0.000789,0.001634,0.000686,0.000427,0.000784,0.000035,0.000641,0.000797,0.010684,0.000534,0.000945,0.000030,0.000143,0.140727,0.000512,0.000079,0.010573,0.002327,0.008852,0.010597,0.000598,0.000015,0.002683,0.000591,0.000887,0.000024,0.001024,0.000671,0.000155,0.000103,0.000169,0.000743,0.000747,0.000918,0.000779,0.000759,0.000932,0.000057,0.000666,0.000764,0.000350,0.003077,0.000728,0.000746,0.000781,0.000776,0.000704,0.000991,0.000802,0.012039,0.001342,0.000454,0.000715,0.003776,0.000711,0.000734,0.000760,0.000863,0.000374,0.000116,0.000764,0.000553,0.000364,0.000083,0.000879,0.003544,0.000065,0.000431,0.001061,0.004399,0.003609,0.000135,0.000070,0.000086,0.000883,0.000750,0.000520,0.000793,0.000911,0.000851,0.000630,0.052310,0.169036,0.000089,0.001613,0.000578,0.000049,0.069466,0.001120,0.000374,0.000013,0.000927,0.000767,0.001361,0.030503,0.000799,0.000943,0.000071,0.000737,0.000714,0.025589,0.000634,0.000874,0.000774,0.001383,0.000543,0.000668,0.000612,0.000779,0.000625,0.000197,0.000481,0.001904,0.000536,0.000753,0.000679,0.002382,0.000404,0.021903,0.000597,0.000762,0.000879,0.104754,0.000102
0.000792,0.000228,0.128344,0.000384,0.000169,0.000652,0.007035,0.002711,0.008704,0.000362,0.000057,0.000373,0.000287,0.119108,0.000008,0.004058,0.054507,0.005274,0.050439,0.000372,0.003263,0.000271,0.000025,0.000296,0.000364,0.004413,0.000378,0.018419,0.000422,0.000434,0.009609,0.000513,0.000041,0.000535,0.000385,0.000329,0.000367,0.000158,0.001595,0.000298,0.000102,0.000594,0.000229,0.000029,0.001583,0.004791,0.000043,0.000350,0.024906,0.000250,0.000906,0.000238,0.000321,0.056654,0.000482,0.000420,0.000300,0.000334,0.001367,0.000392,0.000330,0.000034,0.000020,0.000280,0.000382,0.000321,0.014463,0.003177,0.000027,0.000324,0.000332,0.000233,0.000333,0.000554,0.000049,0.000421,0.000361,0.002220,0.000413,0.000106,0.000385,0.049748,0.000827,0.000327,0.000044,0.000806,0.000647,0.000008,0.000151,0.008074,0.000555,0.000007,0.028047,0.001671,0.000029,0.007514,0.001250,0.000009,0.003233,0.000538,0.008665,0.000071,0.000279,0.000444,0.000083,0.000026,0.000054,0.000370,0.000353,0.001099,0.000374,0.000357,0.000434,0.000999,0.000075,0.000331,0.000149,0.001303,0.000222,0.000361,0.001573,0.000308,0.000445,0.000250,0.000356,0.022564,0.000238,0.000419,0.000462,0.000038,0.000668,0.000678,0.000348,0.000310,0.000278,0.010742,0.000347,0.000328,0.000520,0.000045,0.000202,0.004144,0.000022,0.000216,0.000411,0.001037,0.000446,0.000078,0.000048,0.007866,0.000312,0.000327,0.000323,0.000393,0.000226,0.000464,0.000534,0.000011,0.000012,0.000032,0.002756,0.000510,0.000164,0.000031,0.000246,0.001422,0.123180,0.000315,0.000632,0.000032,0.003844,0.000436,0.000321,0.088169,0.000333,0.001184,0.037188,0.000234,0.000204,0.000106,0.000221,0.000350,0.000491,0.000024,0.000370,0.001084,0.003936,0.000633,0.000215,0.002236,0.000388,0.000739,0.000008,0.001569,0.001883,0.000838,0.000007,0.000440,0.000641,0.000031
0.000371,0.000425,0.000130,0.000410,0.000011,0.003360,0.000029,0.000460,0.000588,0.000213,0.000877,0.000391,0.000833,0.143871,0.002717,0.000270,0.000011,0.000054,0.000079,0.000622,0.000021,0.000820,0.052938,0.000837,0.001298,0.041755,0.000578,0.000022,0.003946,0.000820,0.000051,0.000392,0.000263,0.000406,0.000421,0.000398,0.000225,0.000115,0.000238,0.001185,0.004119,0.000530,0.000826,0.000037,0.003656,0.000018,0.097224,0.000385,0.000027,0.000736,0.000169,0.000511,0.000386,0.079949,0.000391,0.000600,0.000323,0.000374,0.000950,0.000338,0.000336,0.001173,0.000107,0.002597,0.000352,0.000981,0.000036,0.001602,0.000013,0.000368,0.000441,0.000383,0.000548,0.000386,0.000312,0.000422,0.000388,0.000085,0.000893,0.000072,0.000456,0.000021,0.000415,0.000435,0.000386,0.000412,0.000377,0.000096,0.001333,0.000165,0.000212,0.090644,0.018294,0.000322,0.000036,0.038292,0.000226,0.000034,0.000042,0.000625,0.000062,0.080053,0.000322,0.000492,0.000081,0.000048,0.000085,0.000384,0.000534,0.000178,0.000395,0.000391,0.000409,0.000067,0.014599,0.000492,0.000234,0.000925,0.000557,0.000330,0.000095,0.000371,0.000476,0.000494,0.000421,0.066375,0.003078,0.000774,0.000362,0.000156,0.000354,0.000431,0.000440,0.000298,0.000460,0.000118,0.000424,0.000199,0.001507,0.000022,0.000287,0.000765,0.016472,0.000395,0.000594,0.004976,0.000252,0.000076,0.000043,0.001372,0.000337,0.000394,0.000595,0.000461,0.000234,0.000385,0.000536,0.000023,0.036603,0.000037,0.000283,0.000625,0.000028,0.000031,0.000376,0.000742,0.085107,0.000439,0.000374,0.000031,0.024488,0.000413,0.000399,0.000008,0.000346,0.000378,0.000634,0.000316,0.000168,0.000095,0.000177,0.001020,0.000894,0.000023,0.000333,0.000768,0.006332,0.000350,0.000232,0.000190,0.000420,0.000647,0.000009,0.000014,0.000056,0.000918,0.000011,0.000478,0.001192,0.010008
0.000942,0.001415,0.000068,0.001048,0.000826,0.001496,0.000124,0.000468,0.000245,0.000304,0.001971,0.001116,0.001201,0.000100,0.000039,0.003123,0.000030,0.000150,0.007731,0.001494,0.000107,0.005647,0.000102,0.000893,0.002764,0.030755,0.001119,0.000206,0.011193,0.001315,0.000198,0.000906,0.013953,0.001157,0.001065,0.001137,0.000931,0.002010,0.001194,0.001693,0.001413,0.001077,0.002149,0.000543,0.000856,0.000129,0.003244,0.001062,0.002406,0.001451,0.001954,0.000764,0.001134,0.065455,0.000999,0.000747,0.001279,0.001019,0.000581,0.001092,0.001083,0.000780,0.006314,0.000366,0.000921,0.000834,0.000171,0.002238,0.000054,0.000929,0.000801,0.001223,0.000711,0.001055,0.000385,0.001003,0.001026,0.000345,0.002123,0.001068,0.001072,0.000074,0.000807,0.000993,0.005712,0.000957,0.001281,0.000250,0.004650,0.000084,0.000862,0.021234,0.012103,0.000952,0.003084,0.077707,0.001007,0.000415,0.000175,0.001092,0.000183,0.001793,0.000906,0.001167,0.003845,0.000336,0.000436,0.001228,0.001141,0.001862,0.001149,0.001074,0.001236,0.000889,0.018365,0.001392,0.000918,0.000733,0.001218,0.001576,0.007647,0.001044,0.001022,0.001426,0.001212,0.000407,0.001698,0.000871,0.000734,0.000403,0.001071,0.001048,0.001033,0.001137,0.002061,0.004067,0.001116,0.000804,0.000918,0.000097,0.001271,0.000660,0.016498,0.000734,0.001658,0.014205,0.002352,0.021863,0.039575,0.005729,0.000953,0.000924,0.001090,0.001084,0.001151,0.001082,0.001117,0.000478,0.000055,0.000237,0.000855,0.000993,0.013156,0.002495,0.000760,0.001757,0.173689,0.001330,0.001183,0.000618,0.007358,0.001010,0.001122,0.007087,0.001014,0.001045,0.127091,0.000853,0.000551,0.001643,0.000919,0.001228,0.001083,0.002274,0.000917,0.000747,0.001008,0.000513,0.001944,0.000762,0.001137,0.001418,0.001026,0.092063,0.003708,0.000954,0.000034,0.001111,0.000170,0.007864
0.000700,0.000191,0.113670,0.000349,0.001890,0.000162,0.000475,0.002281,0.007305,0.004439,0.000882,0.000300,0.000197,0.000041,0.079208,0.000021,0.022505,0.002372,0.019710,0.000373,0.002447,0.000240,0.001989,0.000315,0.000642,0.030260,0.000605,0.024568,0.001098,0.000339,0.000470,0.000236,0.008847,0.000272,0.000303,0.000265,0.000120,0.000125,0.000113,0.000250,0.000133,0.000152,0.000194,0.007327,0.000890,0.009423,0.000085,0.000307,0.000019,0.000397,0.000467,0.000220,0.000267,0.000005,0.000332,0.000408,0.000301,0.000367,0.000481,0.000304,0.000376,0.000141,0.000319,0.016140,0.000953,0.000182,0.017898,0.000248,0.000021,0.000339,0.000362,0.000307,0.000108,0.000397,0.008588,0.000351,0.000396,0.001093,0.000183,0.004103,0.000280,0.000045,0.000179,0.000439,0.012331,0.000185,0.000222,0.077820,0.001652,0.000026,0.000176,0.000036,0.000183,0.000032,0.000042,0.074871,0.000114,0.000011,0.018730,0.000331,0.004315,0.000016,0.000297,0.000304,0.000175,0.011556,0.008322,0.000292,0.000298,0.000203,0.000350,0.000314,0.000611,0.000358,0.000323,0.000294,0.000054,0.003241,0.000189,0.000339,0.007386,0.000261,0.000281,0.000271,0.000275,0.163845,0.000260,0.000302,0.000203,0.000045,0.000239,0.000350,0.000298,0.000365,0.000139,0.000028,0.000352,0.000154,0.000022,0.004477,0.000283,0.000093,0.005402,0.000197,0.000748,0.021939,0.000124,0.000030,0.000009,0.000036,0.000249,0.000275,0.000626,0.000332,0.000188,0.000307,0.000249,0.028380,0.059534,0.000061,0.001234,0.000351,0.040755,0.003592,0.000474,0.000275,0.000093,0.000269,0.000280,0.000583,0.000738,0.000230,0.000449,0.015313,0.000290,0.000255,0.000179,0.000307,0.000229,0.000290,0.000154,0.000640,0.000485,0.000029,0.000292,0.000985,0.003913,0.001034,0.000130,0.001194,0.000305,0.000298,0.000031,0.000005,0.000042,0.000366,0.000006,0.000316,0.000038,0.000222
0.000438,0.000515,0.000135,0.000459,0.010546,0.000474,0.000263,0.000264,0.000142,0.000106,0.002919,0.000472,0.000392,0.000044,0.000019,0.001217,0.021190,0.002787,0.047755,0.000525,0.028967,0.000215,0.000025,0.000467,0.000792,0.027282,0.000416,0.000058,0.000531,0.000487,0.000157,0.000417,0.003288,0.000574,0.000473,0.000499,0.001050,0.000254,0.000426,0.000910,0.001759,0.000493,0.000561,0.000895,0.000374,0.000168,0.000022,0.000459,0.000041,0.000598,0.000873,0.000559,0.000492,0.091705,0.000442,0.000322,0.000645,0.000473,0.001600,0.000462,0.000470,0.000290,0.010482,0.022132,0.001497,0.000807,0.015772,0.000613,0.029179,0.000719,0.000382,0.000732,0.001091,0.000499,0.000381,0.000538,0.000568,0.000108,0.001009,0.000068,0.000558,0.000023,0.000521,0.000430,0.000141,0.000625,0.000452,0.018912,0.002178,0.000022,0.000765,0.117098,0.000733,0.000223,0.000031,0.104172,0.001844,0.000061,0.000133,0.000369,0.000213,0.016140,0.000641,0.000411,0.004528,0.000298,0.000300,0.000461,0.000467,0.000242,0.000462,0.000465,0.000462,0.000028,0.028370,0.000659,0.000496,0.000426,0.000404,0.000406,0.000188,0.000458,0.000580,0.000670,0.000430,0.000009,0.000243,0.000459,0.000355,0.001013,0.000569,0.000460,0.000427,0.000886,0.000438,0.000548,0.000491,0.000327,0.000019,0.000027,0.000762,0.000184,0.008469,0.000245,0.000713,0.006202,0.000831,0.020818,0.072927,0.004251,0.000422,0.000406,0.000493,0.000485,0.001182,0.000553,0.000652,0.000028,0.000014,0.001216,0.000654,0.000556,0.048440,0.000045,0.000346,0.000977,0.116925,0.000550,0.000572,0.000175,0.000397,0.000408,0.000583,0.001446,0.000442,0.000558,0.000315,0.000414,0.000602,0.000427,0.000486,0.000299,0.000475,0.000280,0.000509,0.000229,0.000180,0.000402,0.000411,0.000202,0.000485,0.000540,0.000069,0.036410,0.000206,0.000345,0.000093,0.000565,0.000028,0.000098
0.000619,0.000690,0.000281,0.000660,0.000358,0.000701,0.025042,0.000622,0.000570,0.001554,0.001001,0.000632,0.000961,0.019811,0.085516,0.000216,0.070643,0.007035,0.016135,0.001058,0.042969,0.000476,0.033550,0.000587,0.001006,0.000033,0.000636,0.000217,0.003587,0.001037,0.022626,0.000756,0.000135,0.000587,0.000641,0.000668,0.000672,0.001072,0.000661,0.000773,0.000775,0.000297,0.000366,0.000391,0.000243,0.000531,0.127404,0.000642,0.004905,0.000500,0.000362,0.001545,0.000681,0.002475,0.000625,0.000770,0.000606,0.000722,0.000528,0.000572,0.000561,0.012295,0.001024,0.000390,0.000954,0.000274,0.002796,0.000760,0.036152,0.000595,0.000664,0.000616,0.000954,0.000634,0.002320,0.000654,0.000656,0.000533,0.000790,0.000573,0.000649,0.000532,0.000604,0.000647,0.000698,0.000617,0.000584,0.014034,0.000568,0.002018,0.001231,0.000053,0.006437,0.001116,0.000220,0.015655,0.000684,0.000068,0.004664,0.000853,0.009577,0.000029,0.000540,0.000802,0.000691,0.000379,0.000417,0.000702,0.000639,0.000407,0.000601,0.000647,0.000469,0.000263,0.000292,0.000602,0.000854,0.001694,0.000465,0.000485,0.000080,0.000738,0.000646,0.000677,0.000591,0.002314,0.001343,0.001013,0.001145,0.002913,0.000643,0.000710,0.000757,0.000437,0.000926,0.003368,0.000631,0.001043,0.003087,0.007157,0.000442,0.000212,0.000055,0.000805,0.000548,0.000221,0.001972,0.000300,0.000242,0.000298,0.000850,0.000714,0.001050,0.000682,0.000867,0.000636,0.000547,0.016682,0.150231,0.000265,0.000502,0.000873,0.000081,0.000049,0.000789,0.000883,0.054983,0.000657,0.000649,0.000802,0.004562,0.000577,0.000998,0.038150,0.000602,0.000621,0.000306,0.001566,0.001338,0.002378,0.000575,0.000563,0.000727,0.015956,0.000807,0.000377,0.000230,0.001380,0.001185,0.003421,0.000642,0.000568,0.001850,0.007476,0.001486,0.000777,0.011033,0.000676,0.002520,0.000137
0.000438,0.000406,0.000841,0.000426,0.000008,0.001885,0.000148,0.000308,0.000190,0.000063,0.000221,0.000417,0.000745,0.088631,0.096517,0.000076,0.002698,0.000889,0.058683,0.000470,0.000392,0.000442,0.062953,0.000481,0.000673,0.008513,0.000308,0.000027,0.003593,0.000645,0.000149,0.000745,0.000040,0.000444,0.000453,0.000544,0.000705,0.000248,0.000794,0.000798,0.001098,0.000281,0.000386,0.000590,0.001788,0.000028,0.004501,0.000451,0.000026,0.000348,0.000183,0.002691,0.000511,0.009708,0.000402,0.000579,0.000345,0.000396,0.000447,0.000388,0.000650,0.003833,0.000096,0.000422,0.000477,0.001416,0.002752,0.003203,0.000011,0.000388,0.000336,0.000500,0.001377,0.000447,0.000199,0.000469,0.000424,0.000163,0.000816,0.000099,0.000482,0.000162,0.000355,0.000398,0.000810,0.000405,0.000574,0.000023,0.001190,0.000023,0.000768,0.083975,0.036182,0.000230,0.000029,0.018869,0.000935,0.089559,0.000045,0.000851,0.000236,0.048736,0.000338,0.000564,0.000132,0.000325,0.000357,0.000446,0.000459,0.000194,0.000336,0.000477,0.000178,0.000016,0.028560,0.000547,0.010074,0.000057,0.000991,0.000382,0.000401,0.000563,0.000450,0.000416,0.000388,0.000113,0.001086,0.000360,0.000470,0.002894,0.000727,0.000464,0.000444,0.000402,0.000492,0.003144,0.000430,0.000309,0.002247,0.006330,0.000270,0.000621,0.001064,0.000482,0.000589,0.002155,0.001201,0.000288,0.000334,0.004118,0.000400,0.000471,0.000333,0.000427,0.000646,0.000437,0.000662,0.000013,0.000019,0.000055,0.001375,0.000445,0.000015,0.001801,0.000328,0.000703,0.007854,0.000485,0.000484,0.000045,0.022277,0.000646,0.000373,0.016125,0.000374,0.001238,0.052915,0.000411,0.000450,0.000360,0.000643,0.000257,0.000682,0.000103,0.000402,0.000628,0.001204,0.000860,0.001496,0.001807,0.000463,0.000677,0.000014,0.113963,0.000136,0.000790,0.000030,0.000392,0.020470,0.000071
0.000567,0.001029,0.000023,0.000687,0.000011,0.000206,0.001090,0.000314,0.000158,0.005038,0.003273,0.000644,0.000802,0.004950,0.000015,0.006927,0.000058,0.000207,0.000105,0.000292,0.000923,0.000317,0.000124,0.000564,0.000319,0.000152,0.000685,0.000307,0.000615,0.000623,0.000618,0.001108,0.000062,0.000600,0.000671,0.000609,0.000585,0.002820,0.000171,0.000550,0.000253,0.000476,0.000323,0.048749,0.000221,0.063180,0.000016,0.000649,0.057042,0.000612,0.001188,0.001102,0.000661,0.000010,0.000691,0.000470,0.000810,0.000617,0.002428,0.000641,0.000878,0.002914,0.000057,0.008362,0.000527,0.000584,0.000126,0.000563,0.000359,0.001119,0.001448,0.000420,0.000728,0.000653,0.000237,0.000664,0.000829,0.000388,0.000490,0.002571,0.000623,0.082619,0.002079,0.000660,0.000071,0.001931,0.000644,0.000134,0.001874,0.000026,0.000578,0.000018,0.000064,0.000816,0.076578,0.000013,0.000939,0.033259,0.000077,0.000455,0.000382,0.000033,0.000665,0.000601,0.002000,0.015536,0.010325,0.000646,0.000707,0.000809,0.000774,0.000684,0.001015,0.121716,0.000063,0.000586,0.031367,0.000061,0.000714,0.000534,0.000144,0.000721,0.000629,0.000513,0.000631,0.037252,0.000167,0.000331,0.000616,0.000303,0.000730,0.000724,0.000684,0.000705,0.000328,0.007128,0.000677,0.000491,0.000026,0.050220,0.000670,0.000240,0.000093,0.000653,0.000515,0.000148,0.000256,0.020141,0.038576,0.003624,0.000597,0.000595,0.000261,0.000659,0.000468,0.000935,0.001370,0.000015,0.000014,0.005276,0.000094,0.000555,0.117403,0.004752,0.001028,0.000493,0.000041,0.000584,0.000639,0.000069,0.000032,0.000557,0.000958,0.000013,0.000595,0.000452,0.000024,0.000743,0.000505,0.002049,0.000577,0.002017,0.000527,0.000274,0.001294,0.002001,0.000328,0.000317,0.000450,0.000639,0.000677,0.000543,0.003529,0.000057,0.000094,0.000481,0.000198,0.000713,0.000058,0.039965
0.000320,0.000560,0.000014,0.000448,0.015669,0.001757,0.000141,0.000427,0.000527,0.000035,0.006334,0.000430,0.000284,0.000104,0.000011,0.001427,0.010521,0.001669,0.058952,0.000586,0.000063,0.001248,0.000197,0.000301,0.000378,0.008580,0.000385,0.007717,0.002133,0.000497,0.000115,0.000311,0.004699,0.000472,0.000371,0.000359,0.000150,0.000158,0.001105,0.000357,0.000482,0.000149,0.000170,0.000034,0.000400,0.000022,0.002792,0.000378,0.000024,0.000458,0.000920,0.000142,0.000348,0.074616,0.000392,0.000358,0.000424,0.000396,0.000737,0.000424,0.000405,0.000062,0.001787,0.009249,0.000526,0.000960,0.006131,0.000130,0.035512,0.000427,0.000505,0.000219,0.000288,0.000500,0.000084,0.000433,0.000422,0.000151,0.001256,0.000051,0.000468,0.000017,0.000589,0.000340,0.000092,0.000513,0.000320,0.037191,0.003262,0.000012,0.000426,0.001564,0.031717,0.001737,0.000052,0.099371,0.000338,0.000010,0.000039,0.000243,0.002188,0.012150,0.000620,0.000310,0.007282,0.000056,0.000089,0.000364,0.000472,0.000282,0.000422,0.000385,0.000658,0.000021,0.018166,0.000482,0.000100,0.001006,0.000325,0.000357,0.000109,0.000324,0.000407,0.000518,0.000337,0.000859,0.000904,0.000551,0.000347,0.000060,0.000298,0.000362,0.000346,0.000600,0.000647,0.000263,0.000401,0.000211,0.000021,0.000021,0.000242,0.000163,0.054674,0.000194,0.001299,0.056565,0.004029,0.011425,0.031142,0.000830,0.000305,0.000321,0.002127,0.000408,0.000360,0.000495,0.000449,0.000078,0.002192,0.000042,0.002663,0.000253,0.000298,0.000015,0.000337,0.001396,0.133775,0.000326,0.000523,0.000062,0.000033,0.000558,0.000342,0.007660,0.000383,0.000427,0.000094,0.000251,0.000193,0.000102,0.000200,0.000417,0.000606,0.000113,0.000322,0.000490,0.003505,0.000256,0.000348,0.005662,0.000371,0.000493,0.031783,0.123781,0.001413,0.000603,0.000030,0.000358,0.007986,0.000036
0.000784,0.000947,0.000203,0.001004,0.000535,0.002535,0.002002,0.000332,0.000178,0.000128,0.005550,0.000836,0.001008,0.004039,0.000021,0.006118,0.003235,0.001626,0.000289,0.001742,0.017818,0.003262,0.000034,0.000701,0.000310,0.000050,0.001052,0.025005,0.000835,0.000673,0.011747,0.001367,0.000084,0.000910,0.000832,0.000826,0.000584,0.002511,0.002660,0.000732,0.000645,0.000299,0.001446,0.037796,0.000205,0.088003,0.000021,0.000838,0.052742,0.001219,0.001074,0.001047,0.000865,0.145946,0.000873,0.000733,0.001076,0.000930,0.000574,0.000859,0.001326,0.008358,0.003701,0.004533,0.001837,0.000362,0.000129,0.000178,0.076422,0.001257,0.000770,0.001506,0.002524,0.000878,0.000271,0.000755,0.000926,0.001443,0.000485,0.001025,0.000842,0.000082,0.002362,0.000778,0.000091,0.002522,0.001196,0.000023,0.000666,0.000184,0.000463,0.000019,0.000526,0.000470,0.000195,0.001333,0.000532,0.000018,0.103214,0.000867,0.000427,0.000046,0.000884,0.000862,0.004114,0.001181,0.000903,0.000963,0.000845,0.000433,0.000675,0.000929,0.000419,0.000153,0.000246,0.000796,0.001320,0.000950,0.000901,0.000923,0.000371,0.000747,0.000788,0.001164,0.000971,0.010477,0.000171,0.000712,0.000574,0.010641,0.001137,0.001007,0.000843,0.000778,0.000780,0.003847,0.000833,0.000895,0.000044,0.000186,0.002135,0.000772,0.000017,0.003999,0.000456,0.000028,0.005701,0.000449,0.000454,0.000125,0.001187,0.001436,0.000759,0.000837,0.000868,0.000883,0.000792,0.005158,0.001046,0.015730,0.000224,0.000679,0.057395,0.000145,0.000969,0.000509,0.000019,0.000937,0.000794,0.003529,0.000072,0.001302,0.000862,0.000016,0.000957,0.000775,0.000030,0.001093,0.000983,0.001702,0.001323,0.000755,0.000718,0.008851,0.001208,0.000486,0.000161,0.000450,0.002844,0.000564,0.000843,0.000743,0.000056,0.000078,0.028610,0.000413,0.097490,0.000779,0.000300,0.015207
0.001047,0.000688,0.020644,0.000868,0.000042,0.002151,0.011725,0.000571,0.000324,0.000541,0.001203,0.000833,0.001108,0.000590,0.195571,0.000149,0.000031,0.000156,0.000946,0.000582,0.000062,0.000450,0.000541,0.001088,0.001463,0.000327,0.000668,0.000884,0.000554,0.000548,0.010639,0.001228,0.000097,0.000890,0.000877,0.000906,0.001161,0.005185,0.001533,0.002875,0.011302,0.000951,0.000464,0.007037,0.003513,0.004459,0.000025,0.001061,0.028214,0.000806,0.000512,0.000473,0.000888,0.001521,0.000795,0.000936,0.000973,0.000894,0.001318,0.000776,0.000783,0.003458,0.000324,0.038049,0.000957,0.000939,0.009971,0.000438,0.057271,0.000878,0.000775,0.000694,0.001992,0.000833,0.000555,0.000867,0.000976,0.000149,0.001323,0.000623,0.000867,0.000074,0.000804,0.000794,0.001131,0.000889,0.001391,0.000039,0.001535,0.000226,0.001395,0.190153,0.000254,0.005433,0.001139,0.007704,0.000384,0.000035,0.000534,0.001525,0.002888,0.000059,0.000622,0.001291,0.000215,0.000122,0.000195,0.000850,0.000836,0.001741,0.000728,0.000884,0.000449,0.000099,0.025560,0.001040,0.000518,0.000666,0.000908,0.001143,0.007113,0.000811,0.000786,0.001002,0.000771,0.000142,0.000836,0.001639,0.000761,0.003289,0.001700,0.000847,0.000920,0.000746,0.000618,0.000461,0.000843,0.000753,0.000045,0.000193,0.000825,0.002356,0.000017,0.003149,0.000442,0.000025,0.001439,0.000267,0.000196,0.002348,0.001245,0.001118,0.001043,0.000838,0.001262,0.000850,0.000773,0.002596,0.035981,0.004127,0.000411,0.000948,0.000051,0.003209,0.001238,0.000643,0.000036,0.000792,0.000803,0.003533,0.016461,0.001106,0.001185,0.001341,0.000777,0.000866,0.000169,0.000735,0.000950,0.000370,0.001193,0.002209,0.000891,0.065500,0.000914,0.000434,0.000186,0.001275,0.003453,0.000382,0.000844,0.000790,0.002044,0.073812,0.003339,0.000676,0.000017,0.000869,0.000392,0.002341
0.001071,0.000705,0.022663,0.000886,0.001107,0.000431,0.018144,0.000880,0.000897,0.000556,0.000505,0.000847,0.001110,0.003471,0.000140,0.001220,0.078252,0.008329,0.060918,0.000491,0.002629,0.000537,0.000058,0.000861,0.001058,0.000245,0.000835,0.000112,0.014343,0.000847,0.001193,0.000906,0.000458,0.000865,0.000865,0.000849,0.000569,0.002814,0.001170,0.000847,0.000854,0.000424,0.000765,0.003928,0.000582,0.001787,0.000229,0.001054,0.000193,0.000637,0.000584,0.000947,0.000858,0.000024,0.000873,0.000663,0.000805,0.000870,0.000887,0.000759,0.000834,0.016556,0.004739,0.002715,0.000753,0.001569,0.000551,0.001904,0.000041,0.000937,0.000679,0.001092,0.001361,0.000931,0.000482,0.000848,0.000851,0.001827,0.000572,0.000900,0.000855,0.028863,0.000812,0.000852,0.000934,0.000900,0.000997,0.000045,0.000656,0.000406,0.001518,0.038804,0.001385,0.000351,0.004974,0.000024,0.000294,0.225703,0.000083,0.000795,0.006803,0.000123,0.000890,0.000815,0.000520,0.000242,0.000326,0.000873,0.000853,0.001340,0.000836,0.000863,0.000901,0.003178,0.002377,0.000863,0.000247,0.003475,0.000747,0.000637,0.000096,0.000753,0.001148,0.000760,0.000809,0.000206,0.000350,0.001466,0.001994,0.000984,0.001442,0.001181,0.000920,0.000878,0.000578,0.004950,0.000847,0.001321,0.000420,0.056163,0.000831,0.000399,0.000028,0.002169,0.000450,0.000026,0.000606,0.000217,0.000126,0.000477,0.001310,0.001263,0.000443,0.000863,0.001183,0.000957,0.001419,0.000022,0.000019,0.008454,0.003512,0.001581,0.000058,0.001812,0.000672,0.001040,0.015165,0.001015,0.000926,0.034479,0.000086,0.000808,0.000911,0.000020,0.000834,0.001337,0.000164,0.000910,0.001266,0.000997,0.000992,0.000885,0.000726,0.000644,0.000757,0.000723,0.008319,0.000418,0.001013,0.000389,0.000900,0.000691,0.000466,0.134028,0.000349,0.000479,0.000267,0.000815,0.051180,0.001121
0.000350,0.001026,0.000006,0.000527,0.138478,0.004787,0.000047,0.000101,0.000070,0.000024,0.017340,0.000442,0.000279,0.000005,0.000009,0.010514,0.000012,0.000058,0.044360,0.000620,0.000030,0.000790,0.000012,0.000463,0.000545,0.027963,0.000705,0.007841,0.010232,0.000866,0.000092,0.000281,0.020287,0.000522,0.000420,0.000335,0.001617,0.000127,0.000745,0.000907,0.002684,0.000248,0.000277,0.000069,0.000196,0.000122,0.003095,0.000384,0.000025,0.000770,0.000997,0.000172,0.000346,0.035449,0.000523,0.000230,0.000652,0.000358,0.000824,0.000552,0.000545,0.000033,0.001345,0.011455,0.000846,0.000717,0.000934,0.001765,0.000029,0.000437,0.000301,0.001150,0.000220,0.000416,0.000093,0.000534,0.000408,0.000083,0.000836,0.000081,0.000444,0.000032,0.000413,0.000371,0.000053,0.000787,0.000334,0.000504,0.000836,0.000037,0.000559,0.081310,0.060431,0.000091,0.000161,0.002300,0.001580,0.105872,0.000033,0.000409,0.019392,0.000035,0.000382,0.000399,0.004759,0.000894,0.000871,0.000386,0.000439,0.000132,0.000685,0.000466,0.001505,0.000117,0.010469,0.000494,0.002605,0.000159,0.000767,0.000407,0.000240,0.000336,0.000364,0.000462,0.000350,0.000004,0.000262,0.000241,0.000274,0.000030,0.000332,0.000386,0.000364,0.001277,0.001063,0.000031,0.000436,0.000200,0.000018,0.042231,0.000299,0.000242,0.060399,0.000171,0.000601,0.004601,0.001595,0.000131,0.000089,0.008561,0.000319,0.000324,0.001875,0.000404,0.000229,0.000468,0.000544,0.000019,0.000010,0.000054,0.001167,0.000508,0.000053,0.000015,0.000303,0.001359,0.137911,0.000364,0.000658,0.000055,0.018413,0.000456,0.000349,0.000006,0.000355,0.000429,0.000035,0.000282,0.000294,0.000139,0.000231,0.000409,0.000566,0.000162,0.000326,0.000441,0.003116,0.000945,0.000034,0.000178,0.000426,0.000562,0.000013,0.031911,0.000040,0.000637,0.000528,0.000486,0.000017,0.000032
0.000204,0.000244,0.000055,0.000218,0.070642,0.001265,0.000026,0.000111,0.000055,0.000192,0.003003,0.000221,0.000165,0.000002,0.000533,0.000196,0.000006,0.000030,0.003710,0.000640,0.000010,0.002440,0.026872,0.000182,0.000229,0.025586,0.000390,0.013284,0.003715,0.000384,0.000016,0.000159,0.011882,0.000204,0.000227,0.000192,0.000200,0.000100,0.000209,0.000917,0.006835,0.001452,0.000281,0.000031,0.001022,0.000011,0.044126,0.000219,0.000014,0.000517,0.000172,0.000238,0.000196,0.000060,0.000268,0.000270,0.000345,0.000233,0.000801,0.000370,0.000209,0.000026,0.000740,0.011004,0.000712,0.000068,0.002291,0.000880,0.000008,0.000331,0.000162,0.000183,0.000067,0.000226,0.000051,0.000321,0.000324,0.000079,0.000407,0.000234,0.000218,0.000028,0.000124,0.000372,0.011484,0.000134,0.000168,0.054832,0.000362,0.000937,0.000389,0.061351,0.023103,0.000157,0.000016,0.064117,0.000078,0.065224,0.000183,0.000196,0.000022,0.041236,0.000213,0.000222,0.000898,0.000646,0.000588,0.000220,0.000255,0.000078,0.000399,0.000275,0.001047,0.000571,0.000069,0.000211,0.000104,0.000874,0.000210,0.000227,0.000181,0.000191,0.000270,0.000213,0.000203,0.109380,0.000798,0.000662,0.000128,0.000029,0.000214,0.000218,0.000201,0.000259,0.000490,0.000018,0.000272,0.000095,0.000014,0.000024,0.000211,0.002502,0.060107,0.000084,0.001057,0.055219,0.001154,0.001178,0.001396,0.000097,0.000169,0.000181,0.001215,0.000292,0.000138,0.000218,0.000183,0.017044,0.045761,0.000032,0.001593,0.000374,0.000011,0.000198,0.000171,0.000271,0.004920,0.000302,0.000219,0.001112,0.017158,0.000250,0.000230,0.001639,0.000201,0.000283,0.000012,0.000139,0.000134,0.000081,0.000118,0.000403,0.000414,0.000013,0.000189,0.001345,0.002719,0.000202,0.000061,0.000108,0.000226,0.000290,0.000005,0.085611,0.000020,0.000308,0.000016,0.000199,0.000011,0.000016
0.000470,0.000604,0.000086,0.000542,0.003216,0.001512,0.000367,0.000319,0.000188,0.000106,0.003886,0.000501,0.000660,0.000294,0.011062,0.000301,0.001381,0.000785,0.014448,0.001130,0.000042,0.000436,0.001010,0.000797,0.001381,0.007298,0.000483,0.002796,0.004039,0.000783,0.000464,0.000471,0.002873,0.000469,0.000522,0.000490,0.000339,0.000320,0.000415,0.001178,0.003976,0.000792,0.000788,0.000075,0.001694,0.000028,0.100460,0.000506,0.000032,0.000551,0.000424,0.000420,0.000478,0.008584,0.000523,0.000644,0.000545,0.000490,0.000458,0.000532,0.000459,0.002386,0.000360,0.000253,0.000939,0.001466,0.000242,0.000641,0.019855,0.000471,0.000379,0.000967,0.000293,0.000618,0.001911,0.000584,0.000530,0.000109,0.000576,0.000201,0.000550,0.000031,0.000340,0.000634,0.016473,0.000329,0.000391,0.071791,0.000911,0.000091,0.000542,0.142009,0.014129,0.002745,0.000052,0.136841,0.001241,0.000015,0.000052,0.000481,0.000552,0.090784,0.000526,0.000520,0.001285,0.014060,0.011075,0.000504,0.000571,0.000485,0.000557,0.000526,0.000808,0.000080,0.011766,0.000562,0.007819,0.000172,0.000458,0.000513,0.011509,0.000448,0.000560,0.000573,0.000469,0.000021,0.002087,0.000458,0.000403,0.000148,0.000591,0.000505,0.000589,0.000352,0.000454,0.000122,0.000548,0.000329,0.000060,0.000040,0.000573,0.000733,0.006692,0.000314,0.001270,0.049338,0.001267,0.002550,0.002884,0.000465,0.000433,0.000433,0.001598,0.000636,0.000370,0.000521,0.000564,0.000274,0.001075,0.000670,0.003232,0.000405,0.000070,0.008026,0.000476,0.000400,0.000029,0.000456,0.000554,0.000133,0.000027,0.000517,0.000472,0.032055,0.000485,0.000796,0.044337,0.000391,0.000250,0.000161,0.000404,0.000842,0.000984,0.000043,0.000470,0.001796,0.007583,0.000355,0.000860,0.001746,0.000532,0.000604,0.000014,0.037934,0.000108,0.000907,0.000024,0.000575,0.000476,0.000567
0.000812,0.000326,0.102299,0.000478,0.000446,0.002681,0.007595,0.000393,0.000308,0.000325,0.004660,0.000469,0.000438,0.000018,0.000590,0.000470,0.000052,0.000172,0.075729,0.000969,0.000147,0.000163,0.000019,0.000371,0.000410,0.000444,0.000791,0.014401,0.007048,0.000930,0.003263,0.000420,0.002940,0.000476,0.000519,0.000411,0.000379,0.000222,0.001648,0.000532,0.000486,0.000829,0.000732,0.000114,0.000241,0.010379,0.001548,0.000475,0.000054,0.000385,0.000622,0.000314,0.000423,0.072199,0.000499,0.000474,0.000608,0.000448,0.001141,0.000565,0.000452,0.000157,0.003085,0.028927,0.001604,0.000239,0.000364,0.000139,0.000042,0.000633,0.000348,0.000481,0.000155,0.001189,0.028688,0.000632,0.000594,0.000439,0.001121,0.000186,0.000503,0.000022,0.000310,0.000590,0.005607,0.000349,0.000816,0.000011,0.004435,0.000013,0.000810,0.009438,0.023714,0.002435,0.000084,0.092181,0.002122,0.000034,0.000081,0.000560,0.000363,0.011800,0.000378,0.000610,0.000258,0.011872,0.007897,0.000590,0.000493,0.001277,0.000646,0.000522,0.001198,0.000033,0.044147,0.000668,0.000209,0.000803,0.000554,0.001225,0.014799,0.000589,0.000488,0.000744,0.000428,0.140307,0.000483,0.000348,0.000548,0.000038,0.000765,0.000463,0.000433,0.001063,0.000404,0.000078,0.000549,0.000224,0.000031,0.000028,0.000388,0.001538,0.009427,0.000217,0.000917,0.013743,0.002231,0.008601,0.018075,0.000376,0.000391,0.000389,0.001289,0.000572,0.000255,0.000554,0.000414,0.011353,0.002884,0.000081,0.003084,0.000335,0.000423,0.001573,0.000354,0.000653,0.009110,0.000567,0.000612,0.000129,0.003419,0.000603,0.000428,0.095678,0.000445,0.000755,0.000028,0.000419,0.000421,0.000258,0.000241,0.001081,0.000452,0.002192,0.000651,0.000358,0.000162,0.000231,0.000131,0.005523,0.000489,0.000556,0.000333,0.003130,0.000488,0.000495,0.000419,0.000528,0.000083,0.000224
0.000461,0.000699,0.000036,0.000537,0.043862,0.002369,0.000040,0.000364,0.000223,0.000142,0.002461,0.000594,0.000383,0.000033,0.004297,0.000362,0.000019,0.000087,0.013300,0.000639,0.000037,0.000258,0.000045,0.001180,0.000429,0.003021,0.000426,0.002448,0.010633,0.000462,0.000052,0.000418,0.014896,0.000548,0.000527,0.000496,0.000527,0.000272,0.002097,0.000792,0.001339,0.001446,0.000637,0.000253,0.001035,0.000026,0.064563,0.000516,0.000462,0.001045,0.000187,0.000248,0.000493,0.094333,0.000617,0.000381,0.000777,0.000498,0.000803,0.000600,0.000451,0.000151,0.020972,0.000289,0.000970,0.001293,0.024197,0.002737,0.000224,0.000501,0.000397,0.001041,0.000348,0.000523,0.000115,0.000469,0.000514,0.000148,0.001055,0.000083,0.000626,0.000026,0.000551,0.000576,0.001923,0.000443,0.000521,0.000497,0.000917,0.001924,0.000592,0.111871,0.029415,0.002678,0.000037,0.000400,0.000202,0.000487,0.000057,0.000927,0.000040,0.001012,0.000503,0.000557,0.000384,0.000073,0.000123,0.000513,0.000567,0.000904,0.000601,0.000541,0.000905,0.000052,0.000596,0.000590,0.000359,0.000360,0.000668,0.000517,0.000166,0.000455,0.000724,0.000653,0.000494,0.000050,0.002190,0.000648,0.000389,0.000194,0.001157,0.000509,0.000480,0.000828,0.000461,0.000298,0.000570,0.000278,0.000185,0.000031,0.000384,0.000188,0.073079,0.000255,0.000773,0.003453,0.000409,0.013171,0.033106,0.001627,0.000472,0.000475,0.000524,0.000643,0.000346,0.000616,0.001061,0.000012,0.000012,0.000080,0.000300,0.000933,0.001681,0.065864,0.000414,0.000383,0.000014,0.000663,0.000726,0.000087,0.021331,0.000433,0.000764,0.068878,0.000645,0.000737,0.058980,0.000488,0.000337,0.000528,0.000403,0.000794,0.000629,0.000094,0.000444,0.001001,0.001779,0.000306,0.001009,0.000815,0.000529,0.000826,0.000027,0.118966,0.000255,0.000682,0.000009,0.000599,0.003411,0.000045
0.000973,0.001485,0.000075,0.001210,0.000067,0.004616,0.000156,0.000898,0.000646,0.000595,0.000229,0.001117,0.001121,0.001832,0.000030,0.005494,0.000825,0.000977,0.000062,0.001359,0.000899,0.000729,0.001487,0.001001,0.002690,0.000142,0.000794,0.000133,0.033945,0.001424,0.000122,0.001109,0.000863,0.001082,0.001165,0.001353,0.000668,0.001172,0.001327,0.002114,0.004676,0.000838,0.000566,0.003164,0.002075,0.000059,0.003650,0.001237,0.005967,0.001491,0.000864,0.004237,0.001480,0.000018,0.001035,0.000924,0.001238,0.001038,0.000877,0.001177,0.001379,0.002009,0.041318,0.001225,0.000843,0.002566,0.000131,0.000584,0.000066,0.000982,0.000973,0.002675,0.006284,0.001161,0.000616,0.000926,0.001066,0.007402,0.001021,0.002684,0.001069,0.000127,0.002590,0.001012,0.000134,0.002563,0.001036,0.001684,0.000581,0.054139,0.000497,0.012275,0.104052,0.000162,0.000073,0.000419,0.001656,0.000035,0.000056,0.001350,0.000570,0.046178,0.001107,0.001110,0.002006,0.000967,0.000970,0.001096,0.001316,0.001272,0.000979,0.001127,0.000720,0.003939,0.000881,0.001058,0.016723,0.000224,0.002579,0.000919,0.021959,0.001058,0.001040,0.001154,0.001414,0.000552,0.002312,0.000968,0.000763,0.005445,0.001361,0.001095,0.001178,0.000963,0.001062,0.002261,0.001100,0.000904,0.001695,0.000075,0.000735,0.001226,0.050656,0.000687,0.001812,0.019022,0.001065,0.000739,0.001128,0.000219,0.001006,0.001133,0.001015,0.001105,0.001377,0.001160,0.001239,0.000739,0.037517,0.000284,0.002452,0.000816,0.000065,0.106602,0.001410,0.000636,0.000022,0.001507,0.001107,0.003030,0.070545,0.001057,0.001010,0.002081,0.001076,0.001859,0.026898,0.001255,0.000831,0.000629,0.001245,0.001006,0.001521,0.000107,0.000950,0.001702,0.003309,0.001880,0.007702,0.000794,0.001103,0.000974,0.000135,0.000137,0.000698,0.000963,0.032430,0.001035,0.083341,0.000104
0.000768,0.000346,0.075253,0.000493,0.009038,0.000832,0.000638,0.000269,0.000142,0.000774,0.004000,0.000478,0.000572,0.011088,0.000100,0.000656,0.000011,0.000052,0.011224,0.000843,0.000063,0.000423,0.037065,0.000643,0.000606,0.000066,0.000589,0.001012,0.011218,0.000733,0.000618,0.000550,0.000144,0.000497,0.000502,0.000520,0.000259,0.000316,0.000626,0.001470,0.002544,0.000451,0.001196,0.000109,0.001447,0.001585,0.077377,0.000476,0.004427,0.000592,0.000319,0.000297,0.000530,0.009821,0.000452,0.000358,0.000561,0.000456,0.000754,0.000449,0.000449,0.002051,0.000279,0.018273,0.001546,0.001150,0.028585,0.000873,0.002246,0.000574,0.000364,0.000402,0.001194,0.000814,0.022610,0.000474,0.000603,0.000077,0.000720,0.000175,0.000510,0.000043,0.000379,0.000488,0.005887,0.000344,0.000508,0.001968,0.000461,0.004112,0.000889,0.060591,0.021780,0.001799,0.000354,0.086324,0.000467,0.000463,0.000615,0.000481,0.005011,0.000045,0.000423,0.000545,0.001301,0.000071,0.000114,0.000492,0.000500,0.000329,0.000439,0.000491,0.000303,0.000050,0.011129,0.000565,0.004806,0.000176,0.000888,0.000453,0.000354,0.000421,0.000475,0.000620,0.000446,0.000031,0.000404,0.001139,0.000481,0.000549,0.000567,0.000472,0.000463,0.000688,0.001136,0.000535,0.000485,0.000458,0.000034,0.000031,0.000378,0.000309,0.000107,0.000877,0.000619,0.002494,0.001461,0.001137,0.001132,0.000610,0.000495,0.000524,0.000484,0.000501,0.000652,0.000502,0.000579,0.000044,0.000112,0.000326,0.000894,0.000545,0.000021,0.000035,0.000385,0.001058,0.125667,0.000654,0.000535,0.000185,0.005786,0.000443,0.000611,0.026909,0.000488,0.000673,0.059722,0.000307,0.000307,0.000179,0.000336,0.000256,0.000663,0.000042,0.000570,0.001060,0.000704,0.000240,0.000777,0.000210,0.000499,0.000493,0.000184,0.161667,0.000258,0.000773,0.000736,0.000477,0.000319,0.001451
0.001350,0.000736,0.081057,0.001007,0.000967,0.000560,0.021078,0.001584,0.003465,0.000311,0.011558,0.000945,0.000757,0.001314,0.186102,0.000231,0.002585,0.001538,0.007066,0.001015,0.000209,0.000563,0.003878,0.001550,0.002013,0.000083,0.001045,0.000950,0.001994,0.000818,0.002654,0.000864,0.005412,0.000936,0.000979,0.000957,0.001883,0.002778,0.000470,0.000812,0.000353,0.002642,0.000966,0.010220,0.003235,0.005996,0.008376,0.000960,0.000127,0.001753,0.000919,0.001922,0.000943,0.091582,0.000917,0.000774,0.001293,0.000926,0.000881,0.000960,0.001034,0.000826,0.003500,0.002924,0.002140,0.000995,0.000171,0.002695,0.000894,0.000959,0.001327,0.000592,0.000543,0.001059,0.000550,0.000865,0.001069,0.000635,0.001519,0.000460,0.000999,0.000213,0.001052,0.001020,0.000209,0.001449,0.000741,0.176618,0.001459,0.000489,0.001311,0.000028,0.000340,0.000341,0.000335,0.024861,0.000204,0.000048,0.000057,0.000809,0.000497,0.002290,0.001127,0.000881,0.000975,0.000215,0.000307,0.000954,0.000964,0.000700,0.000948,0.000968,0.000822,0.010308,0.001031,0.001001,0.000877,0.001034,0.001445,0.000996,0.001587,0.000956,0.000958,0.001048,0.000879,0.000723,0.001640,0.001847,0.000848,0.001001,0.000799,0.001082,0.000919,0.000829,0.001422,0.000163,0.001053,0.000509,0.000109,0.000053,0.003542,0.005432,0.055714,0.000573,0.001249,0.003293,0.000875,0.010629,0.014355,0.001639,0.000846,0.000901,0.000876,0.001071,0.001027,0.001031,0.001273,0.000076,0.000326,0.001759,0.004657,0.000847,0.001614,0.076388,0.001197,0.000619,0.000020,0.000900,0.000950,0.000120,0.000045,0.001486,0.001851,0.003144,0.000863,0.000567,0.001371,0.000619,0.000597,0.000343,0.000416,0.001349,0.001101,0.000502,0.000893,0.001820,0.003371,0.001352,0.001367,0.000581,0.001050,0.000764,0.000283,0.000399,0.001300,0.001102,0.000047,0.001072,0.000550,0.000069
0.000424,0.000518,0.000091,0.000449,0.000012,0.003473,0.000060,0.000586,0.000747,0.000062,0.000244,0.000446,0.000406,0.062120,0.000030,0.000887,0.000085,0.000219,0.058778,0.000409,0.000056,0.000400,0.012735,0.000597,0.000573,0.000331,0.000326,0.000026,0.004578,0.000315,0.000153,0.000486,0.000238,0.000704,0.000455,0.000498,0.000394,0.000189,0.001799,0.001104,0.006285,0.000188,0.000590,0.000056,0.002748,0.000024,0.000180,0.000452,0.000030,0.000532,0.000378,0.000406,0.000454,0.000556,0.000441,0.000330,0.000530,0.000462,0.002891,0.000433,0.000585,0.000090,0.000310,0.012465,0.000342,0.000476,0.011976,0.002436,0.000058,0.000790,0.000366,0.000624,0.000516,0.000447,0.000623,0.000500,0.000566,0.000097,0.000283,0.000054,0.000617,0.000017,0.000910,0.000418,0.000170,0.000583,0.000578,0.000025,0.000666,0.000271,0.000348,0.002429,0.081321,0.000193,0.000033,0.000013,0.001790,0.129346,0.000033,0.000753,0.018755,0.089287,0.000491,0.000432,0.006201,0.000207,0.000257,0.000447,0.000496,0.000393,0.000432,0.000457,0.000449,0.000015,0.053738,0.000714,0.000439,0.000294,0.000405,0.000376,0.000064,0.000404,0.000523,0.000763,0.000425,0.000007,0.000320,0.000416,0.000344,0.000144,0.000883,0.000447,0.000423,0.000718,0.000384,0.010313,0.000461,0.000271,0.000024,0.001662,0.000402,0.000480,0.034151,0.000448,0.000749,0.010519,0.000231,0.002418,0.002377,0.009233,0.000403,0.000465,0.000403,0.000456,0.000432,0.000470,0.000855,0.000012,0.002068,0.000043,0.001791,0.000524,0.000014,0.000033,0.000355,0.001172,0.152730,0.000539,0.000599,0.000253,0.000539,0.000628,0.000413,0.000008,0.000405,0.001043,0.040580,0.000351,0.000336,0.000282,0.000322,0.001473,0.000870,0.000052,0.000391,0.000845,0.005683,0.000235,0.000654,0.000473,0.000503,0.000780,0.000550,0.084764,0.000057,0.001228,0.000111,0.000562,0.009800,0.000072
0.000860,0.001256,0.000084,0.000950,0.000086,0.001414,0.000113,0.000383,0.000206,0.000313,0.001183,0.001106,0.000900,0.098704,0.087405,0.000380,0.009519,0.002601,0.005277,0.001462,0.000251,0.006852,0.052099,0.000875,0.002392,0.000061,0.000774,0.000271,0.024377,0.000874,0.001208,0.001188,0.000155,0.000881,0.000969,0.001102,0.001070,0.000358,0.000673,0.002709,0.014108,0.000734,0.001065,0.000205,0.001180,0.000144,0.009553,0.001010,0.020062,0.000781,0.000611,0.000770,0.001014,0.000904,0.000909,0.001621,0.000876,0.000936,0.000859,0.000979,0.000842,0.007490,0.001205,0.033840,0.000646,0.001581,0.001541,0.004424,0.000048,0.000899,0.000698,0.001234,0.000769,0.000975,0.004899,0.000960,0.001090,0.000745,0.001634,0.000900,0.000981,0.000097,0.000699,0.001021,0.012029,0.000697,0.000921,0.000119,0.002525,0.000539,0.001463,0.075820,0.009106,0.000902,0.000087,0.038528,0.000747,0.000257,0.000087,0.000870,0.000619,0.000447,0.000933,0.000918,0.000569,0.000763,0.000691,0.000968,0.001029,0.000513,0.000895,0.000969,0.000806,0.011433,0.006288,0.001050,0.001256,0.000764,0.000789,0.001027,0.000510,0.001336,0.000916,0.000946,0.000996,0.002427,0.001960,0.001069,0.000689,0.003187,0.001263,0.001045,0.001106,0.000669,0.000609,0.004659,0.000946,0.001837,0.000645,0.000166,0.002197,0.001553,0.017330,0.000746,0.002110,0.047507,0.002167,0.004444,0.003910,0.003405,0.000811,0.000844,0.000628,0.001020,0.001033,0.000962,0.000930,0.001363,0.000101,0.000168,0.005244,0.001339,0.000159,0.015238,0.000783,0.000713,0.000051,0.001140,0.000922,0.007493,0.044046,0.001125,0.000848,0.000358,0.000965,0.002464,0.109640,0.001028,0.002084,0.000851,0.001023,0.001099,0.000931,0.000489,0.000964,0.001360,0.000882,0.000642,0.002673,0.000928,0.000967,0.001074,0.000027,0.040750,0.001753,0.001134,0.001559,0.000984,0.000394,0.005360
0.000383,0.000336,0.001137,0.000356,0.065135,0.001549,0.002323,0.000206,0.000113,0.000204,0.000870,0.000407,0.000346,0.010249,0.000181,0.000414,0.096357,0.011535,0.013748,0.000254,0.027336,0.000344,0.020691,0.000259,0.000338,0.000401,0.000391,0.000016,0.000923,0.000462,0.005748,0.000295,0.008678,0.000335,0.000359,0.000379,0.000423,0.001126,0.000634,0.000302,0.000090,0.000520,0.000243,0.001552,0.000195,0.003032,0.000015,0.000356,0.002658,0.000256,0.000580,0.000145,0.000378,0.039083,0.000364,0.000456,0.000303,0.000372,0.000584,0.000385,0.000328,0.000057,0.000024,0.003509,0.000713,0.000201,0.023544,0.001134,0.029973,0.000359,0.000655,0.000398,0.000189,0.000553,0.013064,0.000368,0.000414,0.001071,0.000159,0.000840,0.000349,0.000024,0.000318,0.000353,0.004701,0.000264,0.000523,0.000009,0.000309,0.001851,0.000536,0.000008,0.034365,0.000479,0.000573,0.036612,0.000489,0.017968,0.005389,0.000423,0.003462,0.052661,0.000329,0.000399,0.000203,0.014598,0.010807,0.000356,0.000381,0.000382,0.000467,0.000390,0.000780,0.000046,0.033968,0.000531,0.001175,0.000217,0.000222,0.001312,0.011895,0.000333,0.000869,0.000399,0.000332,0.030952,0.000511,0.000422,0.001189,0.000066,0.000530,0.000399,0.000375,0.000281,0.000227,0.004815,0.000391,0.000209,0.000033,0.029282,0.000355,0.000077,0.005772,0.000247,0.000794,0.017436,0.000126,0.000131,0.000110,0.004316,0.000297,0.000315,0.000185,0.000458,0.000296,0.000401,0.000508,0.000025,0.031868,0.000071,0.000362,0.000306,0.016690,0.000018,0.001094,0.000644,0.082487,0.000377,0.000367,0.000300,0.000016,0.000405,0.000338,0.041225,0.000354,0.000956,0.000017,0.000478,0.000323,0.000228,0.000391,0.000358,0.000300,0.001077,0.000525,0.000199,0.000185,0.000798,0.000430,0.003835,0.000373,0.000325,0.000622,0.060752,0.000048,0.000462,0.000026,0.000350,0.000912,0.000856
0.000747,0.000326,0.078925,0.000451,0.000019,0.000606,0.000432,0.001365,0.004286,0.000668,0.000107,0.000469,0.000476,0.123286,0.106579,0.000079,0.054882,0.005376,0.000295,0.000386,0.014892,0.000334,0.010482,0.000460,0.001373,0.000026,0.000535,0.000326,0.000071,0.000578,0.000075,0.000595,0.000058,0.000491,0.000457,0.000516,0.000224,0.000176,0.001028,0.000388,0.000082,0.000150,0.000324,0.000088,0.000338,0.000025,0.008901,0.000454,0.000052,0.000344,0.001033,0.000240,0.000458,0.000068,0.000582,0.000616,0.000369,0.000477,0.000272,0.000433,0.000498,0.000241,0.000084,0.000029,0.000309,0.000230,0.011253,0.000541,0.044313,0.000406,0.000575,0.000264,0.000573,0.000536,0.000091,0.000508,0.000430,0.000813,0.000488,0.000482,0.000459,0.003697,0.001165,0.000424,0.000083,0.000745,0.000562,0.000100,0.000288,0.014004,0.000224,0.000015,0.001110,0.002133,0.000068,0.000104,0.001032,0.013024,0.026696,0.000385,0.000128,0.092591,0.000759,0.000385,0.000200,0.001423,0.001872,0.000453,0.000485,0.001049,0.000467,0.000460,0.000423,0.000118,0.000083,0.000447,0.000206,0.000757,0.000361,0.000394,0.001132,0.000545,0.000453,0.000377,0.000497,0.000092,0.001537,0.000294,0.000643,0.000121,0.000514,0.000448,0.000587,0.000268,0.000511,0.001788,0.000510,0.000934,0.055755,0.000045,0.000370,0.000163,0.000410,0.000630,0.000427,0.000267,0.000226,0.000042,0.000011,0.000245,0.000486,0.000470,0.000201,0.000537,0.000394,0.000546,0.000385,0.014429,0.103819,0.000062,0.001113,0.000535,0.002022,0.010575,0.000755,0.000508,0.000057,0.000414,0.000432,0.002176,0.000760,0.000384,0.000821,0.000009,0.000428,0.000410,0.050400,0.000530,0.000288,0.000317,0.000290,0.000893,0.000654,0.001100,0.000392,0.000296,0.000824,0.000735,0.000103,0.001754,0.000474,0.000664,0.000016,0.006432,0.000857,0.001022,0.004423,0.000433,0.054274,0.000068
0.000732,0.000547,0.007379,0.000645,0.003845,0.000233,0.013634,0.000656,0.000632,0.001904,0.000332,0.000695,0.000488,0.000088,0.000067,0.001019,0.000385,0.000521,0.000226,0.000553,0.049289,0.000575,0.000028,0.000496,0.000323,0.000029,0.000471,0.000033,0.019743,0.000521,0.013005,0.000748,0.000138,0.000652,0.000629,0.000796,0.000298,0.003367,0.001306,0.001602,0.002790,0.000279,0.000860,0.002193,0.000404,0.010093,0.000263,0.000662,0.000060,0.000521,0.001145,0.000254,0.000850,0.005064,0.000605,0.000506,0.000972,0.000698,0.001481,0.000726,0.000856,0.001141,0.017204,0.041433,0.000791,0.000519,0.000136,0.000176,0.063044,0.001032,0.000743,0.000520,0.001461,0.000624,0.000610,0.000540,0.000790,0.000237,0.000627,0.000580,0.000638,0.000125,0.000569,0.000720,0.000300,0.000666,0.000736,0.000049,0.000231,0.035701,0.000598,0.159450,0.009018,0.000784,0.002685,0.003696,0.000595,0.000012,0.003917,0.000545,0.000676,0.000021,0.000627,0.000651,0.000225,0.000040,0.000087,0.000752,0.000647,0.000896,0.000527,0.000682,0.000302,0.000034,0.001972,0.000666,0.000423,0.000996,0.000458,0.000536,0.001332,0.000581,0.000593,0.000767,0.000759,0.005897,0.000135,0.000375,0.000555,0.004667,0.000697,0.000621,0.000595,0.000959,0.000612,0.000558,0.000658,0.000659,0.000029,0.066191,0.000784,0.000676,0.000018,0.001876,0.000749,0.001464,0.001389,0.001955,0.003002,0.000538,0.000677,0.000893,0.001272,0.000632,0.001285,0.000705,0.000541,0.033757,0.046620,0.019058,0.001238,0.000485,0.000794,0.063191,0.000952,0.000407,0.000014,0.000557,0.000732,0.003883,0.000186,0.000745,0.000669,0.000013,0.000708,0.000686,0.000024,0.002271,0.003162,0.006748,0.002405,0.000227,0.000518,0.001434,0.000951,0.000639,0.000188,0.000818,0.006544,0.000390,0.000651,0.000562,0.065580,0.000033,0.008682,0.000404,0.009472,0.000609,0.079630,0.003296
0.000813,0.000847,0.000611,0.000956,0.000095,0.000599,0.033852,0.003305,0.012025,0.000889,0.001075,0.000897,0.000665,0.000885,0.001407,0.000792,0.102108,0.010216,0.000031,0.000879,0.030060,0.000732,0.000127,0.000626,0.001928,0.000294,0.000585,0.000916,0.002421,0.000544,0.002058,0.000958,0.000223,0.001008,0.000896,0.001052,0.000597,0.000639,0.002633,0.000706,0.000134,0.000520,0.000447,0.003560,0.000776,0.000045,0.001129,0.000818,0.000051,0.000833,0.001450,0.000995,0.001026,0.174425,0.000779,0.001057,0.000868,0.000833,0.001515,0.000874,0.000753,0.000396,0.019559,0.009611,0.000913,0.000588,0.000148,0.000361,0.000951,0.000892,0.000721,0.000950,0.002538,0.000888,0.000384,0.000676,0.000937,0.017973,0.000574,0.003657,0.000785,0.000109,0.001760,0.000755,0.000127,0.001459,0.000988,0.000290,0.001912,0.000066,0.000507,0.010898,0.102171,0.002174,0.000079,0.000761,0.001441,0.000026,0.000068,0.001212,0.002859,0.000040,0.000829,0.000817,0.000301,0.000174,0.000248,0.000865,0.000909,0.002332,0.000733,0.000839,0.000549,0.000137,0.005051,0.000859,0.005756,0.000264,0.000756,0.000635,0.012469,0.000730,0.000781,0.000898,0.001200,0.001525,0.000973,0.000918,0.000573,0.009948,0.001553,0.000815,0.000816,0.000930,0.000986,0.006081,0.000810,0.000759,0.007183,0.000055,0.000807,0.001732,0.000391,0.001555,0.000714,0.000241,0.001348,0.000267,0.000167,0.000458,0.000894,0.001110,0.001294,0.000836,0.001738,0.000827,0.001098,0.000068,0.059904,0.000163,0.001506,0.001299,0.000838,0.087159,0.000971,0.000489,0.000016,0.000918,0.000994,0.000210,0.036158,0.000853,0.000740,0.045616,0.000735,0.000709,0.025056,0.001109,0.000914,0.001101,0.002645,0.000475,0.001042,0.004868,0.000723,0.000999,0.000208,0.000934,0.005458,0.000498,0.000848,0.000992,0.000151,0.000144,0.013075,0.000651,0.000262,0.000822,0.001778,0.000324
0.000687,0.000267,0.091500,0.000464,0.033385,0.000141,0.014594,0.000578,0.001168,0.005144,0.000407,0.000379,0.000488,0.000006,0.000019,0.000856,0.000010,0.000048,0.000013,0.000193,0.000250,0.000181,0.000019,0.000301,0.000246,0.000021,0.000475,0.013687,0.004752,0.000309,0.009686,0.000307,0.012500,0.000359,0.000395,0.000418,0.000352,0.000487,0.000197,0.000326,0.000211,0.002278,0.000548,0.010540,0.000421,0.024907,0.000009,0.000384,0.034151,0.000312,0.000194,0.000698,0.000452,0.096181,0.000364,0.000340,0.000374,0.000512,0.000337,0.000364,0.000335,0.003264,0.002415,0.013379,0.000959,0.000968,0.000038,0.000154,0.019335,0.000461,0.000539,0.000485,0.000784,0.000411,0.006785,0.000355,0.000412,0.006257,0.000182,0.008628,0.000367,0.033454,0.000281,0.000415,0.005112,0.000268,0.000685,0.000009,0.000087,0.068449,0.000628,0.000014,0.001582,0.001006,0.000845,0.000034,0.000502,0.000008,0.027168,0.000424,0.008095,0.000018,0.000292,0.000605,0.000072,0.011344,0.007989,0.000444,0.000397,0.000241,0.000395,0.000389,0.000442,0.031447,0.000018,0.000323,0.000378,0.000557,0.000295,0.000368,0.000080,0.000340,0.000747,0.000300,0.000497,0.054938,0.000110,0.001138,0.000405,0.002700,0.000392,0.000455,0.000424,0.000344,0.000174,0.003072,0.000401,0.000550,0.000040,0.006211,0.000649,0.000638,0.000009,0.000271,0.000419,0.000544,0.000138,0.001176,0.001250,0.000132,0.000523,0.000368,0.000787,0.000427,0.000676,0.000466,0.000486,0.000051,0.004591,0.000312,0.000162,0.000318,0.032529,0.000019,0.000496,0.000577,0.060331,0.000477,0.000410,0.000099,0.017801,0.000418,0.000514,0.000007,0.000561,0.000230,0.000076,0.000541,0.000549,0.000819,0.000945,0.000219,0.000342,0.009814,0.000621,0.000444,0.000119,0.000735,0.000738,0.000655,0.000443,0.000290,0.093126,0.000136,0.000053,0.000188,0.045504,0.000463,0.000022,0.000196
0.000374,0.000706,0.000013,0.000460,0.002043,0.000227,0.000367,0.000393,0.000380,0.002338,0.000216,0.000476,0.000337,0.000085,0.056283,0.000145,0.002309,0.000889,0.000011,0.000232,0.018444,0.000140,0.000021,0.000475,0.000202,0.000050,0.000572,0.000076,0.000130,0.000359,0.005517,0.000362,0.007736,0.000400,0.000447,0.000630,0.000339,0.000510,0.000241,0.000362,0.000068,0.000188,0.000803,0.019419,0.000082,0.035418,0.000010,0.000430,0.037034,0.000642,0.000752,0.000580,0.000777,0.000116,0.000408,0.000326,0.000390,0.000461,0.000219,0.000406,0.000577,0.000265,0.000551,0.000072,0.000348,0.000406,0.000044,0.000423,0.049348,0.000379,0.000671,0.000301,0.000355,0.000438,0.000391,0.000313,0.000406,0.001026,0.000251,0.004335,0.000409,0.057760,0.000492,0.000444,0.000054,0.000927,0.000472,0.000022,0.003536,0.000013,0.000344,0.000021,0.000023,0.000050,0.053816,0.000009,0.001078,0.062357,0.054487,0.000337,0.000734,0.000014,0.000532,0.000402,0.000896,0.000468,0.000424,0.000428,0.000432,0.000330,0.000531,0.000455,0.000749,0.074104,0.000021,0.000352,0.000093,0.001116,0.000366,0.000817,0.006541,0.000459,0.000421,0.000335,0.000752,0.011575,0.000213,0.000255,0.000653,0.000285,0.000342,0.000427,0.000528,0.000242,0.000302,0.000166,0.000432,0.000381,0.000679,0.000532,0.001927,0.000161,0.000327,0.000704,0.000253,0.000021,0.000212,0.000097,0.000062,0.000160,0.000507,0.000520,0.000271,0.000464,0.001361,0.000429,0.000391,0.002630,0.023014,0.007359,0.000194,0.000334,0.049082,0.000018,0.000482,0.000639,0.063229,0.000432,0.000406,0.000770,0.000019,0.000317,0.000644,0.000038,0.000550,0.000203,0.000017,0.000762,0.000687,0.002362,0.002555,0.000123,0.000362,0.018840,0.000581,0.000251,0.000080,0.000806,0.002115,0.000202,0.000450,0.000341,0.083099,0.000008,0.000337,0.000208,0.099696,0.000522,0.000023,0.017181
0.000733,0.001373,0.000029,0.000941,0.000069,0.000785,0.000283,0.000403,0.000209,0.002029,0.000082,0.000835,0.001651,0.015704,0.000042,0.001948,0.000034,0.000159,0.000844,0.001132,0.000056,0.000670,0.005484,0.000834,0.000324,0.000028,0.000567,0.000139,0.021034,0.000929,0.000486,0.001199,0.000095,0.000794,0.000860,0.001095,0.001382,0.001820,0.000439,0.001369,0.001909,0.000733,0.000931,0.000819,0.000339,0.025559,0.001685,0.000911,0.073968,0.000791,0.000363,0.002816,0.001116,0.000105,0.000832,0.001376,0.000712,0.000794,0.000418,0.000783,0.000733,0.024885,0.003418,0.000176,0.000561,0.001804,0.000075,0.000917,0.000047,0.000742,0.000627,0.001299,0.001721,0.001011,0.002467,0.000653,0.000794,0.000409,0.000684,0.000940,0.000847,0.001584,0.000741,0.000898,0.001176,0.000778,0.000915,0.000042,0.000282,0.002447,0.001560,0.000080,0.000058,0.000822,0.000087,0.000019,0.000608,0.275809,0.000252,0.001055,0.000390,0.000073,0.000695,0.000996,0.000423,0.006558,0.005612,0.000890,0.000843,0.001686,0.000728,0.000891,0.000460,0.030231,0.000137,0.000747,0.020696,0.000139,0.001952,0.001061,0.004995,0.001122,0.000803,0.000912,0.001006,0.000369,0.001032,0.000737,0.001140,0.013644,0.000836,0.001023,0.000926,0.000861,0.001071,0.026587,0.000838,0.001229,0.115010,0.068187,0.002111,0.000397,0.000168,0.000978,0.000656,0.000152,0.000885,0.000412,0.000302,0.000195,0.001094,0.000988,0.000695,0.000843,0.000983,0.000875,0.000718,0.018960,0.012525,0.005596,0.000384,0.000756,0.001107,0.000063,0.000713,0.000887,0.007438,0.001190,0.000820,0.001882,0.024710,0.000925,0.000991,0.000237,0.000767,0.000771,0.000040,0.001019,0.000835,0.001785,0.002738,0.000332,0.000766,0.004163,0.000946,0.000467,0.000559,0.003254,0.012997,0.001930,0.000850,0.000934,0.000108,0.026859,0.000510,0.000727,0.000558,0.000838,0.000050,0.006150
0.000668,0.001106,0.000041,0.000831,0.006099,0.000509,0.000134,0.000361,0.000183,0.001219,0.000547,0.000763,0.000777,0.002011,0.000207,0.001076,0.097507,0.008793,0.001059,0.000755,0.000477,0.000467,0.005110,0.000652,0.000450,0.000046,0.000616,0.000732,0.000173,0.000669,0.001001,0.000833,0.000247,0.000878,0.000771,0.000863,0.000512,0.001836,0.000551,0.001229,0.001599,0.000679,0.000832,0.000257,0.000533,0.000717,0.000019,0.000809,0.041643,0.000678,0.000709,0.000525,0.000838,0.064403,0.000715,0.000541,0.000915,0.000872,0.000969,0.000829,0.000675,0.000563,0.001567,0.020767,0.000751,0.001027,0.000195,0.000119,0.030332,0.000974,0.000754,0.000996,0.001082,0.000761,0.000648,0.000632,0.000842,0.001673,0.000634,0.003151,0.000735,0.049053,0.001024,0.000776,0.000255,0.000958,0.001040,0.000644,0.000412,0.001138,0.000447,0.122658,0.009371,0.000608,0.000360,0.000024,0.000293,0.000055,0.079268,0.000681,0.000730,0.000044,0.000764,0.000747,0.000794,0.000211,0.000262,0.000834,0.000761,0.001078,0.000665,0.000791,0.000421,0.001547,0.000147,0.000708,0.000209,0.002650,0.000521,0.000577,0.000099,0.000679,0.000695,0.000652,0.000740,0.000049,0.000246,0.001195,0.000875,0.004246,0.000873,0.000824,0.000781,0.001336,0.000827,0.001717,0.000758,0.000852,0.000054,0.000204,0.000571,0.000683,0.000804,0.000856,0.000808,0.000604,0.000843,0.000878,0.000713,0.000551,0.000776,0.000848,0.001357,0.000760,0.000997,0.000795,0.000656,0.017016,0.000358,0.040120,0.000135,0.000583,0.010955,0.003795,0.000864,0.000693,0.000467,0.000766,0.000817,0.000966,0.000721,0.001017,0.000879,0.028693,0.000695,0.000604,0.000028,0.000580,0.000665,0.000805,0.001394,0.000411,0.000613,0.001163,0.000956,0.000682,0.000198,0.000858,0.000948,0.000534,0.000769,0.000643,0.172060,0.018164,0.020548,0.000454,0.016044,0.000799,0.000224,0.004868
0.000965,0.000366,0.133808,0.000582,0.034908,0.000626,0.008576,0.000704,0.001353,0.001383,0.000638,0.000526,0.000810,0.000328,0.083277,0.000147,0.011305,0.002093,0.010857,0.000578,0.000351,0.000577,0.003559,0.000438,0.000907,0.000086,0.000439,0.021112,0.000971,0.000566,0.003406,0.000443,0.004384,0.000502,0.000530,0.000551,0.000419,0.000505,0.001417,0.001057,0.002052,0.000694,0.000387,0.000478,0.000294,0.005025,0.000209,0.000529,0.001668,0.000677,0.000213,0.000525,0.000538,0.000016,0.000650,0.000615,0.000499,0.000607,0.000504,0.000515,0.000500,0.002892,0.006333,0.000441,0.000490,0.000977,0.001148,0.000323,0.000014,0.000507,0.000490,0.000316,0.000427,0.000539,0.000162,0.000554,0.000521,0.005967,0.000464,0.001519,0.000522,0.000031,0.000548,0.000499,0.000295,0.000618,0.000719,0.000015,0.001397,0.000865,0.000666,0.026427,0.000679,0.002895,0.000291,0.147103,0.000694,0.000058,0.048300,0.000378,0.001375,0.000032,0.000849,0.000456,0.001001,0.000715,0.000415,0.000528,0.000540,0.001592,0.000561,0.000541,0.000684,0.000570,0.003789,0.000602,0.000496,0.000625,0.000360,0.000526,0.001487,0.000471,0.000512,0.000623,0.000497,0.000063,0.000751,0.000630,0.000504,0.000716,0.000492,0.000588,0.000496,0.000581,0.000648,0.000588,0.000537,0.000584,0.001706,0.003355,0.000618,0.001517,0.000044,0.000398,0.000683,0.001165,0.000269,0.000260,0.000364,0.000160,0.000618,0.000509,0.000314,0.000661,0.000293,0.000530,0.000449,0.038803,0.087691,0.000117,0.002291,0.000459,0.032535,0.000023,0.000706,0.000617,0.007819,0.000519,0.000530,0.001491,0.009052,0.000440,0.000676,0.043403,0.000555,0.000673,0.038294,0.001279,0.000754,0.000816,0.000674,0.000809,0.000596,0.000480,0.000626,0.000375,0.000525,0.000724,0.001112,0.001412,0.000608,0.000615,0.015023,0.000176,0.001076,0.000625,0.031879,0.000656,0.000698,0.020494
0.000456,0.000652,0.000040,0.000578,0.000047,0.000260,0.001342,0.000562,0.000595,0.001193,0.000050,0.000498,0.000587,0.246347,0.013506,0.000282,0.000054,0.000198,0.000043,0.000333,0.000577,0.000336,0.001129,0.000909,0.000691,0.000022,0.000441,0.000064,0.000100,0.000928,0.000286,0.000773,0.000054,0.000465,0.000518,0.000584,0.000538,0.001456,0.000571,0.000510,0.001398,0.000798,0.000387,0.007894,0.000203,0.010182,0.000021,0.000565,0.044529,0.000382,0.000396,0.000725,0.000580,0.000009,0.000481,0.000605,0.000431,0.000478,0.000260,0.000454,0.000477,0.005809,0.001202,0.000042,0.000269,0.000338,0.000055,0.000578,0.000027,0.000444,0.000672,0.000414,0.000566,0.000501,0.001056,0.000424,0.000475,0.000771,0.000412,0.001225,0.000493,0.009832,0.000885,0.000471,0.000068,0.000921,0.000409,0.037214,0.000112,0.029508,0.000869,0.000013,0.000039,0.000844,0.016350,0.000010,0.000212,0.159253,0.000130,0.000539,0.000243,0.000129,0.000514,0.000509,0.000170,0.000891,0.001097,0.000548,0.000514,0.000391,0.000465,0.000519,0.000316,0.025765,0.000103,0.000471,0.018000,0.000067,0.001088,0.000759,0.006180,0.000477,0.000490,0.000457,0.000572,0.000029,0.000644,0.000291,0.001076,0.002410,0.000431,0.000782,0.000593,0.000442,0.000511,0.003543,0.000506,0.000965,0.057937,0.044643,0.000350,0.000948,0.008219,0.000399,0.000461,0.000211,0.000311,0.000273,0.000260,0.000963,0.000544,0.000514,0.000413,0.000517,0.000694,0.000533,0.000430,0.014901,0.045388,0.001903,0.000221,0.000921,0.047130,0.000060,0.000631,0.000705,0.040239,0.000567,0.000500,0.010981,0.002275,0.000458,0.000669,0.000013,0.000561,0.000322,0.000023,0.000509,0.000407,0.000627,0.000991,0.000347,0.000492,0.000172,0.000475,0.000318,0.001281,0.001718,0.000832,0.000946,0.000509,0.000468,0.000019,0.004427,0.000321,0.000536,0.000560,0.000579,0.000076,0.000061
0.000454,0.000537,0.000140,0.000554,0.083410,0.001168,0.001290,0.000512,0.000536,0.000077,0.004868,0.000518,0.000419,0.000008,0.000154,0.000548,0.000022,0.000101,0.000176,0.000559,0.000026,0.000834,0.036688,0.000649,0.000554,0.024682,0.000609,0.017200,0.004888,0.000513,0.000104,0.000367,0.019356,0.000509,0.000493,0.000444,0.000229,0.000257,0.000858,0.000840,0.001660,0.002209,0.000691,0.002298,0.000642,0.000097,0.022996,0.000477,0.000053,0.000467,0.000589,0.000324,0.000444,0.068271,0.000521,0.000329,0.000685,0.000552,0.000848,0.000491,0.000565,0.000098,0.006223,0.019459,0.000537,0.001115,0.014370,0.001209,0.037562,0.000630,0.000543,0.000993,0.000249,0.000478,0.000190,0.000556,0.000514,0.000321,0.000693,0.000117,0.000536,0.000037,0.000286,0.000681,0.018530,0.000302,0.000359,0.120455,0.001718,0.000030,0.001027,0.000125,0.000714,0.001209,0.000162,0.000483,0.001074,0.000177,0.000042,0.000430,0.000050,0.064671,0.000490,0.000481,0.003002,0.020037,0.013403,0.000475,0.000478,0.000198,0.000640,0.000520,0.000951,0.000487,0.002562,0.000541,0.000121,0.001583,0.000341,0.000426,0.000127,0.000421,0.000521,0.000541,0.000537,0.000015,0.000410,0.000548,0.000524,0.000088,0.000559,0.000473,0.000447,0.001163,0.000361,0.000255,0.000527,0.000268,0.000243,0.000032,0.000429,0.000912,0.057252,0.000316,0.000745,0.006150,0.000393,0.009041,0.014985,0.001670,0.000430,0.000515,0.001680,0.000502,0.000515,0.000562,0.000595,0.000049,0.000076,0.001573,0.000219,0.000426,0.000253,0.000022,0.000436,0.000943,0.115167,0.000540,0.000576,0.000181,0.000041,0.000580,0.000440,0.093482,0.000498,0.000728,0.000239,0.000356,0.000347,0.000179,0.000389,0.001062,0.000575,0.003905,0.000416,0.000972,0.003520,0.000304,0.000279,0.000289,0.000510,0.000465,0.006885,0.000023,0.000184,0.000419,0.000021,0.000538,0.000040,0.000051
0.000739,0.000434,0.033038,0.000564,0.002893,0.000235,0.001835,0.000981,0.001701,0.002159,0.000141,0.000562,0.000744,0.001809,0.000259,0.000632,0.096305,0.009867,0.000016,0.000300,0.069281,0.000635,0.004326,0.000446,0.000242,0.000028,0.000495,0.000028,0.000506,0.000531,0.000934,0.000562,0.000415,0.000513,0.000548,0.000624,0.000634,0.000285,0.000421,0.000465,0.000093,0.000185,0.000290,0.000207,0.000121,0.030507,0.000013,0.000550,0.043612,0.000417,0.000833,0.001215,0.000662,0.057004,0.000521,0.000839,0.000477,0.000647,0.000394,0.000532,0.000725,0.000603,0.016408,0.000151,0.000444,0.000534,0.004953,0.000194,0.017318,0.000530,0.000815,0.000572,0.001208,0.000782,0.009005,0.000592,0.000537,0.001356,0.000419,0.002470,0.000526,0.082229,0.001198,0.000509,0.000064,0.001308,0.000571,0.000074,0.000927,0.000041,0.000548,0.000012,0.000068,0.000619,0.045986,0.000012,0.000467,0.000035,0.047108,0.000479,0.015405,0.000017,0.000517,0.000536,0.000221,0.000081,0.000132,0.000750,0.000551,0.000460,0.000494,0.000572,0.000327,0.083977,0.000033,0.000469,0.000197,0.000995,0.000429,0.000399,0.000054,0.000494,0.000932,0.000409,0.000703,0.006929,0.000359,0.000717,0.000751,0.000983,0.000476,0.000567,0.000594,0.000315,0.000297,0.002407,0.000551,0.000607,0.000077,0.000034,0.002179,0.000162,0.000553,0.001689,0.000610,0.000522,0.000249,0.000207,0.000167,0.000163,0.000526,0.000688,0.001440,0.000550,0.000554,0.000591,0.000486,0.008821,0.002352,0.029122,0.001116,0.000428,0.000812,0.001066,0.001081,0.000532,0.000117,0.000488,0.000553,0.000119,0.000046,0.000434,0.000552,0.000043,0.000513,0.000330,0.000346,0.000542,0.000330,0.001674,0.001436,0.000597,0.000459,0.060113,0.000640,0.000339,0.000122,0.001248,0.000592,0.001381,0.000575,0.000431,0.106817,0.000014,0.001326,0.000285,0.000691,0.000546,0.000716,0.015453
0.000741,0.001431,0.000028,0.000943,0.000017,0.000316,0.000264,0.000843,0.001043,0.005875,0.001931,0.000842,0.001132,0.000189,0.000022,0.005927,0.056445,0.006037,0.000089,0.000571,0.009261,0.000379,0.000035,0.000949,0.000637,0.000210,0.000845,0.081036,0.000100,0.000655,0.000468,0.001012,0.000114,0.000791,0.000914,0.000798,0.004940,0.000765,0.000177,0.000817,0.000521,0.000370,0.000745,0.009501,0.000188,0.044049,0.000021,0.000853,0.047326,0.000644,0.000826,0.000531,0.000818,0.001421,0.000876,0.000757,0.001254,0.000993,0.000813,0.000814,0.000743,0.001171,0.000045,0.001541,0.000600,0.001537,0.000085,0.000126,0.000106,0.001085,0.001155,0.000520,0.002596,0.000891,0.000748,0.000955,0.000850,0.000990,0.000559,0.001606,0.000828,0.007636,0.000569,0.000948,0.011084,0.000593,0.000921,0.000292,0.002530,0.000031,0.000816,0.000024,0.000027,0.000103,0.068471,0.000021,0.001112,0.178961,0.020752,0.000687,0.009289,0.000086,0.001235,0.000751,0.010169,0.000418,0.000538,0.000848,0.000901,0.002057,0.000996,0.000884,0.001213,0.012607,0.000100,0.000808,0.000113,0.010095,0.000634,0.000605,0.000122,0.000760,0.000842,0.000885,0.000936,0.015015,0.000178,0.000569,0.002256,0.000964,0.000945,0.000845,0.000803,0.001525,0.000589,0.004668,0.000865,0.000800,0.003669,0.098492,0.000653,0.000579,0.000019,0.000570,0.000443,0.000024,0.000681,0.013153,0.017574,0.001559,0.001070,0.000781,0.000655,0.000924,0.000573,0.000855,0.000863,0.000332,0.000020,0.001365,0.000174,0.000697,0.000322,0.000045,0.001412,0.000784,0.000384,0.000765,0.000810,0.000743,0.004063,0.000782,0.001019,0.027676,0.000896,0.000570,0.000031,0.001032,0.001360,0.000452,0.000650,0.000752,0.000718,0.000565,0.000891,0.000429,0.000332,0.000631,0.000506,0.000702,0.000862,0.000867,0.046841,0.000015,0.000161,0.000603,0.003420,0.000826,0.000145,0.046075
0.000709,0.000602,0.002339,0.000696,0.002081,0.000467,0.002543,0.001024,0.002037,0.000269,0.001441,0.000694,0.000533,0.001329,0.000128,0.000913,0.005435,0.001559,0.008888,0.000906,0.000977,0.001270,0.009811,0.000836,0.000513,0.000041,0.000703,0.000430,0.000087,0.000477,0.000629,0.000767,0.000181,0.000728,0.000739,0.000632,0.000507,0.000272,0.000674,0.000758,0.001104,0.001497,0.000539,0.000131,0.001015,0.000178,0.072436,0.000652,0.000043,0.000635,0.001136,0.000545,0.000616,0.089712,0.000705,0.000791,0.000725,0.000634,0.000508,0.000671,0.000770,0.000517,0.000112,0.000069,0.000695,0.001377,0.007547,0.002476,0.043625,0.000577,0.000481,0.000597,0.000264,0.000664,0.000328,0.000712,0.000620,0.006065,0.000760,0.000452,0.000679,0.001174,0.000711,0.000625,0.001032,0.000643,0.000517,0.112066,0.002666,0.000028,0.000592,0.111113,0.047926,0.003705,0.000086,0.000601,0.002592,0.000068,0.001437,0.001047,0.000055,0.000373,0.000540,0.000800,0.001074,0.001467,0.001776,0.000651,0.000667,0.000735,0.000752,0.000680,0.000963,0.000250,0.000601,0.000655,0.000590,0.000990,0.000594,0.000566,0.001147,0.000658,0.000621,0.000588,0.000604,0.002687,0.001524,0.000531,0.000510,0.000303,0.000737,0.000851,0.000669,0.000714,0.001284,0.000068,0.000666,0.000595,0.008775,0.000068,0.000447,0.001622,0.050945,0.000525,0.001661,0.052223,0.000542,0.002183,0.002481,0.000280,0.000547,0.000618,0.000593,0.000689,0.000542,0.000676,0.000772,0.000128,0.000247,0.000073,0.002561,0.000601,0.000133,0.074398,0.000578,0.000418,0.000014,0.000743,0.000730,0.000336,0.000281,0.000717,0.000628,0.127381,0.000628,0.001111,0.017683,0.000700,0.000640,0.000719,0.000517,0.001021,0.000836,0.009262,0.000639,0.001180,0.000582,0.000800,0.000237,0.001006,0.000659,0.000915,0.000016,0.000142,0.004112,0.000833,0.000025,0.000670,0.001021,0.000438
0.000257,0.000272,0.000157,0.000259,0.000009,0.001923,0.000027,0.000147,0.000078,0.000016,0.002167,0.000304,0.000180,0.010464,0.005798,0.000155,0.000007,0.000035,0.018740,0.000999,0.000012,0.000393,0.014466,0.000589,0.000769,0.040117,0.000211,0.000962,0.003087,0.000517,0.000053,0.000264,0.000171,0.000298,0.000320,0.000261,0.000132,0.000082,0.000444,0.000894,0.005153,0.002203,0.000361,0.000030,0.001424,0.000012,0.065489,0.000270,0.000018,0.000287,0.000967,0.000127,0.000250,0.016138,0.000329,0.000209,0.000384,0.000247,0.001279,0.000272,0.000280,0.000041,0.000609,0.010764,0.000520,0.000814,0.011041,0.003549,0.000008,0.000362,0.000192,0.000843,0.000183,0.000268,0.000140,0.000278,0.000327,0.000046,0.000629,0.000027,0.000348,0.000009,0.000191,0.000254,0.006762,0.000173,0.000203,0.042836,0.000208,0.012954,0.000360,0.075167,0.041626,0.002341,0.000015,0.077264,0.000687,0.017775,0.000011,0.000501,0.000017,0.054246,0.000241,0.000291,0.001042,0.001561,0.001432,0.000258,0.000366,0.000119,0.000278,0.000268,0.000404,0.000009,0.036303,0.000465,0.011414,0.000026,0.000638,0.000293,0.006585,0.000272,0.000265,0.000438,0.000239,0.000007,0.001838,0.000615,0.000216,0.000083,0.000521,0.000263,0.000243,0.000460,0.000789,0.000060,0.000304,0.000140,0.000014,0.000015,0.000161,0.001472,0.038695,0.000112,0.001183,0.064894,0.000845,0.008138,0.019042,0.005533,0.000204,0.000216,0.000428,0.000304,0.000228,0.000344,0.000700,0.000006,0.000006,0.000024,0.000585,0.000344,0.000116,0.029147,0.000190,0.000527,0.021595,0.000301,0.000376,0.000070,0.014556,0.000254,0.000246,0.008649,0.000255,0.000919,0.034043,0.000246,0.000185,0.000080,0.000171,0.000470,0.000549,0.000020,0.000224,0.001620,0.005285,0.000175,0.000216,0.000103,0.000291,0.000520,0.000006,0.089633,0.000035,0.001030,0.000004,0.000311,0.008959,0.000032
0.000872,0.000649,0.009871,0.000747,0.000034,0.000589,0.000638,0.001982,0.005993,0.002627,0.000723,0.000776,0.000743,0.001429,0.002854,0.000588,0.000299,0.000491,0.000070,0.001529,0.000067,0.000669,0.000135,0.001182,0.001216,0.005022,0.000558,0.000425,0.004320,0.000613,0.001447,0.000890,0.000180,0.000750,0.000795,0.000878,0.000462,0.000623,0.001223,0.001448,0.008322,0.002333,0.000528,0.001637,0.002045,0.000515,0.043380,0.000766,0.000056,0.000857,0.000414,0.000599,0.000916,0.000026,0.000706,0.000706,0.001016,0.000770,0.000918,0.000771,0.000651,0.001407,0.017429,0.007319,0.000988,0.001725,0.000404,0.000698,0.000109,0.000813,0.000562,0.001719,0.001357,0.000836,0.000807,0.000624,0.000797,0.000540,0.000937,0.001036,0.000748,0.000413,0.000588,0.000843,0.003832,0.000561,0.000915,0.000044,0.000222,0.079247,0.000604,0.211420,0.006609,0.001881,0.001311,0.056450,0.000814,0.000046,0.000929,0.000808,0.000476,0.000844,0.000826,0.000734,0.000970,0.000151,0.000224,0.000768,0.000766,0.000664,0.000633,0.000793,0.000432,0.001278,0.000137,0.000668,0.001624,0.000530,0.001261,0.000788,0.002849,0.000728,0.000675,0.000749,0.000881,0.000061,0.001024,0.000892,0.000968,0.005901,0.001275,0.000758,0.000809,0.001003,0.001817,0.000247,0.000747,0.000934,0.001549,0.000388,0.000584,0.003270,0.000993,0.000534,0.000582,0.000142,0.002351,0.000189,0.000115,0.000226,0.000773,0.000701,0.001749,0.000779,0.001640,0.000750,0.000641,0.032959,0.088209,0.004350,0.004038,0.000557,0.000070,0.087209,0.000868,0.000452,0.000015,0.000773,0.000812,0.006601,0.047019,0.000792,0.000694,0.016736,0.000739,0.001199,0.071396,0.000642,0.000928,0.000462,0.001268,0.000652,0.000966,0.000489,0.000754,0.001890,0.000511,0.000425,0.011411,0.000546,0.000761,0.000834,0.000067,0.009018,0.001105,0.001019,0.011132,0.000689,0.000093,0.001278
0.000668,0.000619,0.001475,0.000641,0.000016,0.000866,0.000836,0.000778,0.001091,0.003395,0.000142,0.000636,0.000543,0.031398,0.006677,0.000483,0.000074,0.000220,0.000086,0.000958,0.000146,0.001106,0.065898,0.000699,0.001038,0.000026,0.000397,0.000057,0.000064,0.000515,0.000914,0.000932,0.000074,0.000598,0.000772,0.000892,0.000570,0.003159,0.001631,0.001149,0.002902,0.002897,0.000641,0.017732,0.000637,0.000072,0.092429,0.000764,0.001287,0.000587,0.000903,0.000781,0.000892,0.000033,0.000630,0.001015,0.000533,0.000624,0.000686,0.000604,0.000677,0.020561,0.000517,0.001285,0.000416,0.001060,0.002121,0.001014,0.042312,0.000649,0.000522,0.000787,0.002498,0.000642,0.001817,0.000526,0.000634,0.003091,0.000556,0.001664,0.000623,0.000090,0.000575,0.000700,0.001539,0.000602,0.000730,0.000294,0.000248,0.033455,0.000551,0.109317,0.001532,0.000108,0.005046,0.000298,0.000704,0.000079,0.005414,0.000952,0.000747,0.000100,0.000506,0.000753,0.000127,0.000754,0.000688,0.000660,0.000671,0.001036,0.000517,0.000728,0.000271,0.000445,0.000090,0.000578,0.000604,0.000684,0.001140,0.000872,0.001774,0.000905,0.000605,0.000736,0.000846,0.000087,0.001134,0.000624,0.000812,0.031548,0.000620,0.000733,0.000940,0.000347,0.000702,0.007332,0.000641,0.001016,0.002898,0.001754,0.000642,0.000394,0.000174,0.001049,0.000421,0.000042,0.001555,0.000101,0.000040,0.000085,0.000853,0.000937,0.000639,0.000672,0.001525,0.000690,0.000594,0.003008,0.100074,0.000130,0.000216,0.000685,0.000063,0.003471,0.000992,0.000460,0.000038,0.000698,0.000652,0.003436,0.056495,0.000889,0.000632,0.031249,0.000621,0.000667,0.078552,0.000861,0.000586,0.000537,0.000660,0.000310,0.000595,0.002050,0.000682,0.000669,0.000758,0.001023,0.010869,0.000656,0.000655,0.000616,0.012507,0.009423,0.000846,0.000530,0.077468,0.000636,0.010304,0.000195
0.000475,0.000265,0.024343,0.000341,0.000010,0.000118,0.020734,0.001521,0.005599,0.001963,0.000033,0.000379,0.000355,0.219307,0.000009,0.001761,0.086511,0.009874,0.027206,0.000458,0.026840,0.000399,0.004443,0.000468,0.000277,0.000028,0.000224,0.002860,0.000050,0.000227,0.005378,0.000512,0.000038,0.000317,0.000471,0.000297,0.000831,0.001255,0.000388,0.000307,0.000058,0.000326,0.000244,0.022521,0.000256,0.014388,0.000112,0.000352,0.029150,0.000252,0.000215,0.000485,0.000311,0.001271,0.000552,0.000466,0.000320,0.000369,0.000253,0.000325,0.000578,0.010897,0.000493,0.000640,0.000305,0.000306,0.000096,0.000675,0.020736,0.000487,0.000619,0.000329,0.002487,0.000348,0.000094,0.000580,0.000341,0.006022,0.000231,0.000949,0.000332,0.000068,0.001405,0.000383,0.000036,0.001313,0.000384,0.000082,0.000049,0.079794,0.000503,0.000008,0.000012,0.000488,0.022308,0.002982,0.000072,0.093890,0.000161,0.000375,0.004359,0.000010,0.000326,0.000345,0.000143,0.000223,0.000197,0.000340,0.000370,0.000662,0.000268,0.000407,0.000123,0.000461,0.000333,0.000338,0.015066,0.000034,0.002316,0.000438,0.014142,0.000444,0.000879,0.000382,0.000317,0.000080,0.000312,0.000217,0.001106,0.013910,0.000357,0.000344,0.000547,0.000177,0.000136,0.013910,0.000399,0.001556,0.044578,0.034816,0.000360,0.000070,0.000006,0.001467,0.000165,0.000008,0.000832,0.000102,0.000080,0.000033,0.000742,0.000596,0.000154,0.000415,0.000785,0.000358,0.000290,0.015619,0.000009,0.000256,0.000204,0.000328,0.002045,0.000039,0.000342,0.000229,0.000010,0.000413,0.000327,0.000070,0.001506,0.000385,0.000324,0.000024,0.000326,0.000334,0.001180,0.000757,0.000554,0.001126,0.000184,0.000138,0.000308,0.000177,0.000489,0.000773,0.000761,0.000217,0.000035,0.003087,0.000414,0.000265,0.000103,0.000005,0.000228,0.000500,0.023426,0.000415,0.000017,0.009254
0.000461,0.000840,0.000018,0.000578,0.061524,0.001778,0.000037,0.000389,0.000261,0.003100,0.000142,0.000568,0.000430,0.000478,0.000018,0.001788,0.000013,0.000064,0.004664,0.000640,0.000038,0.000219,0.080261,0.000546,0.001205,0.000564,0.000619,0.000045,0.000062,0.000470,0.000026,0.000455,0.008429,0.000492,0.000544,0.000532,0.002983,0.001286,0.001270,0.000499,0.000353,0.000806,0.000791,0.000230,0.000444,0.008683,0.005056,0.000529,0.002030,0.000629,0.000498,0.000405,0.000554,0.023232,0.000504,0.000437,0.000538,0.000608,0.000283,0.000527,0.000674,0.001128,0.000191,0.000072,0.000363,0.001064,0.000040,0.000307,0.000013,0.000502,0.000398,0.001136,0.000381,0.000528,0.000802,0.000517,0.000498,0.000662,0.000877,0.001378,0.000518,0.000199,0.000366,0.000698,0.008330,0.000367,0.000408,0.097851,0.000426,0.004480,0.000749,0.000013,0.000042,0.000248,0.000267,0.076705,0.001669,0.142548,0.034544,0.000474,0.009999,0.000016,0.000444,0.000663,0.004681,0.000125,0.000178,0.000711,0.000563,0.000697,0.000591,0.000539,0.000576,0.001596,0.000796,0.000520,0.000319,0.000487,0.000507,0.000663,0.011010,0.000513,0.000566,0.000587,0.000580,0.000292,0.000146,0.001056,0.000578,0.000121,0.000574,0.000611,0.000572,0.000420,0.000662,0.004768,0.000564,0.000558,0.000152,0.048993,0.001325,0.000551,0.006910,0.000346,0.000677,0.002417,0.002912,0.000373,0.000316,0.000717,0.000487,0.000471,0.000522,0.000529,0.000732,0.000535,0.000459,0.006148,0.034766,0.000153,0.001484,0.000466,0.000066,0.000024,0.000384,0.000928,0.107637,0.000889,0.000552,0.000120,0.009637,0.000571,0.000506,0.015708,0.000511,0.000502,0.030316,0.000439,0.000585,0.000792,0.000940,0.000535,0.000578,0.002523,0.000513,0.001247,0.000259,0.000298,0.000925,0.000372,0.000542,0.000484,0.032607,0.010460,0.000088,0.000488,0.007045,0.000589,0.000034,0.000108
0.000554,0.000443,0.003032,0.000558,0.043568,0.000251,0.000136,0.001297,0.004140,0.002616,0.000061,0.000491,0.000585,0.339815,0.000012,0.005216,0.000066,0.000202,0.000025,0.000519,0.000164,0.000167,0.000018,0.000963,0.000347,0.000200,0.000414,0.005057,0.014637,0.000492,0.000036,0.001013,0.000047,0.000457,0.000497,0.000471,0.000332,0.001803,0.000349,0.000431,0.000395,0.000622,0.000310,0.000437,0.000235,0.006150,0.000030,0.000494,0.002974,0.000435,0.000426,0.000191,0.000533,0.000008,0.000528,0.000379,0.000588,0.000638,0.000301,0.000447,0.000804,0.005721,0.007668,0.000034,0.000332,0.000299,0.000453,0.000624,0.000038,0.000447,0.000524,0.000332,0.000630,0.000489,0.000151,0.000463,0.000466,0.002142,0.000335,0.001508,0.000479,0.073712,0.000323,0.000628,0.007599,0.000331,0.000647,0.000220,0.000586,0.000028,0.000900,0.000061,0.000019,0.001955,0.019513,0.000010,0.000308,0.155547,0.000494,0.000442,0.000329,0.000095,0.000486,0.000499,0.001136,0.001566,0.001484,0.000535,0.000496,0.000384,0.000469,0.000501,0.000394,0.037054,0.000020,0.000384,0.001360,0.000413,0.000291,0.000335,0.000046,0.000477,0.000625,0.000379,0.000454,0.000459,0.000174,0.000804,0.000821,0.001139,0.000626,0.000489,0.000658,0.000305,0.000663,0.001038,0.000539,0.002122,0.021700,0.053200,0.000414,0.000694,0.000009,0.000762,0.000189,0.000007,0.002766,0.000240,0.000204,0.000181,0.001015,0.000593,0.000294,0.000504,0.000775,0.000493,0.000453,0.000692,0.000015,0.002151,0.000113,0.000940,0.000045,0.029663,0.000407,0.000305,0.000010,0.000897,0.000589,0.004734,0.051801,0.000482,0.000735,0.000009,0.000529,0.000419,0.000992,0.001018,0.001337,0.003306,0.001003,0.000465,0.000402,0.001975,0.000454,0.000662,0.000133,0.000241,0.000418,0.000205,0.000507,0.000386,0.000052,0.002421,0.000201,0.000422,0.008902,0.000469,0.000030,0.000059
0.000725,0.000550,0.006037,0.000641,0.001942,0.000205,0.017760,0.001409,0.003990,0.001354,0.001705,0.000666,0.000509,0.001012,0.020926,0.000355,0.192433,0.029612,0.000016,0.000364,0.047679,0.000365,0.000055,0.000506,0.000986,0.004763,0.001206,0.007625,0.000081,0.000557,0.000752,0.000609,0.001021,0.000631,0.000647,0.000601,0.003593,0.000613,0.000880,0.000533,0.000169,0.000825,0.000333,0.000673,0.000330,0.018884,0.000016,0.000642,0.055142,0.000642,0.000858,0.000800,0.000586,0.046544,0.000616,0.000493,0.000769,0.000811,0.000808,0.000618,0.000578,0.001465,0.012539,0.003567,0.000446,0.001398,0.017963,0.000824,0.000096,0.000678,0.001322,0.000717,0.000391,0.000672,0.000297,0.000682,0.000688,0.009344,0.000442,0.002008,0.000612,0.058264,0.000822,0.000616,0.000143,0.000971,0.000755,0.000312,0.000773,0.000198,0.000507,0.000015,0.000228,0.000673,0.001425,0.000016,0.000219,0.000018,0.052362,0.000402,0.005348,0.000019,0.001036,0.000537,0.000519,0.000056,0.000109,0.000625,0.000648,0.000694,0.000677,0.000642,0.000783,0.045072,0.000051,0.000563,0.000087,0.004805,0.000372,0.000628,0.000347,0.000700,0.000600,0.000483,0.001031,0.000031,0.000170,0.000388,0.000737,0.000123,0.000577,0.000630,0.000647,0.000497,0.000322,0.000189,0.000654,0.000521,0.000093,0.000718,0.001362,0.000119,0.000393,0.001426,0.000681,0.001113,0.000329,0.006344,0.008422,0.000798,0.000665,0.000841,0.000521,0.000783,0.000556,0.000759,0.001012,0.000025,0.000019,0.005060,0.000330,0.000787,0.088421,0.000211,0.001176,0.000552,0.000098,0.000558,0.000629,0.002368,0.000405,0.000565,0.000651,0.000085,0.000817,0.000402,0.000025,0.000722,0.000657,0.001941,0.000451,0.000758,0.000561,0.006318,0.000596,0.000538,0.000149,0.000745,0.000537,0.000642,0.000635,0.000555,0.095599,0.000009,0.015429,0.000375,0.000021,0.000604,0.007739,0.000465
0.000514,0.000604,0.000138,0.000541,0.082748,0.000639,0.000039,0.000350,0.000203,0.000856,0.002005,0.000535,0.000583,0.000042,0.024389,0.000262,0.000038,0.000149,0.000060,0.000789,0.000035,0.004543,0.000050,0.000750,0.000518,0.055048,0.000799,0.007396,0.002491,0.000998,0.000063,0.000429,0.018026,0.000501,0.000552,0.000473,0.000392,0.000199,0.000386,0.000988,0.002254,0.001863,0.000257,0.000129,0.000480,0.000160,0.122785,0.000543,0.000041,0.000880,0.000445,0.000560,0.000492,0.003375,0.000652,0.000420,0.000589,0.000539,0.000273,0.000619,0.000586,0.000220,0.004831,0.000122,0.000792,0.000270,0.000048,0.000427,0.001028,0.000478,0.000393,0.000415,0.000215,0.000904,0.024380,0.000719,0.000514,0.000775,0.000491,0.005239,0.000515,0.000025,0.000329,0.000815,0.022193,0.000343,0.000443,0.063560,0.001161,0.000819,0.000267,0.000423,0.001590,0.000112,0.000166,0.036265,0.000634,0.000015,0.000283,0.000485,0.000131,0.000080,0.000557,0.000585,0.001540,0.029397,0.017006,0.000537,0.000571,0.000430,0.000880,0.000647,0.001824,0.000311,0.003127,0.000594,0.000213,0.001183,0.000561,0.000667,0.000680,0.000512,0.000527,0.000728,0.000686,0.096061,0.001123,0.000420,0.000461,0.000056,0.000658,0.000545,0.000536,0.000536,0.000791,0.000083,0.000609,0.000391,0.024419,0.000031,0.000459,0.001821,0.084964,0.000257,0.001355,0.042929,0.000534,0.000159,0.000103,0.000082,0.000473,0.000495,0.000991,0.000639,0.000366,0.000546,0.000509,0.002234,0.003570,0.000125,0.001081,0.000961,0.012187,0.003382,0.000477,0.000541,0.000695,0.000710,0.000520,0.000365,0.000482,0.000420,0.000590,0.000559,0.000565,0.000483,0.053252,0.000556,0.000582,0.000524,0.000355,0.000739,0.000748,0.000119,0.000542,0.001107,0.000915,0.000324,0.000068,0.000342,0.000551,0.000494,0.000119,0.016672,0.001299,0.000492,0.002257,0.000510,0.039298,0.000048
0.000806,0.000450,0.038288,0.000589,0.000021,0.003452,0.000052,0.000372,0.000220,0.000190,0.003044,0.000596,0.000663,0.017574,0.033127,0.000267,0.000792,0.000693,0.000036,0.001065,0.000053,0.001696,0.096606,0.000698,0.001561,0.008615,0.000701,0.000175,0.002281,0.000661,0.000145,0.000664,0.000166,0.000720,0.000592,0.000562,0.000477,0.000194,0.002154,0.000998,0.003861,0.001324,0.000487,0.000265,0.002868,0.000028,0.122980,0.000597,0.000036,0.000668,0.000586,0.000395,0.000569,0.018909,0.000669,0.000973,0.000554,0.000582,0.001437,0.000581,0.000628,0.001008,0.000287,0.000070,0.000712,0.000504,0.001431,0.003584,0.000038,0.000566,0.000458,0.001085,0.000339,0.000581,0.000127,0.000719,0.000590,0.000491,0.000806,0.000177,0.000631,0.000045,0.000477,0.000623,0.007373,0.000431,0.000543,0.000447,0.002095,0.000186,0.000727,0.018324,0.005568,0.001391,0.000043,0.115747,0.000425,0.000020,0.000395,0.000735,0.001023,0.030175,0.000578,0.000604,0.000150,0.001939,0.001728,0.000585,0.000656,0.000396,0.000642,0.000601,0.000761,0.000037,0.003776,0.000631,0.001233,0.000740,0.000525,0.000680,0.001829,0.000860,0.000560,0.000658,0.000632,0.097962,0.002404,0.000552,0.000455,0.000169,0.000499,0.000658,0.000661,0.000414,0.001282,0.000319,0.000582,0.000474,0.007134,0.000061,0.000399,0.001507,0.001976,0.000772,0.000700,0.002339,0.000665,0.000138,0.000089,0.001280,0.000554,0.000620,0.000352,0.000675,0.000520,0.000589,0.000716,0.000077,0.092206,0.000060,0.001918,0.001033,0.000033,0.057809,0.000885,0.000385,0.000012,0.000605,0.000584,0.000143,0.001775,0.000506,0.000605,0.002852,0.000695,0.000687,0.067134,0.000599,0.000244,0.000158,0.000289,0.001406,0.000828,0.000183,0.000506,0.001682,0.008696,0.000685,0.000679,0.000254,0.000605,0.000774,0.000114,0.005683,0.001710,0.001160,0.000304,0.000715,0.012349,0.000048
0.000455,0.000355,0.002790,0.000394,0.000056,0.000139,0.000036,0.000305,0.000209,0.001736,0.000661,0.000437,0.000555,0.000004,0.000387,0.000436,0.000060,0.000165,0.000009,0.000157,0.000532,0.000092,0.000012,0.000489,0.000561,0.000038,0.000531,0.031519,0.000045,0.000302,0.000083,0.000336,0.007633,0.000381,0.000439,0.000349,0.003541,0.001887,0.000104,0.000338,0.000234,0.000132,0.000923,0.035085,0.000108,0.033604,0.000013,0.000400,0.035118,0.000511,0.000228,0.000760,0.000363,0.000006,0.000516,0.000234,0.000500,0.000628,0.000323,0.000519,0.000368,0.000069,0.000031,0.000026,0.000550,0.000196,0.000051,0.000459,0.000013,0.000365,0.000664,0.000229,0.000137,0.000522,0.000189,0.000487,0.000376,0.005101,0.000242,0.006277,0.000378,0.074126,0.000362,0.000386,0.000089,0.000658,0.000827,0.000009,0.000423,0.000730,0.000758,0.000011,0.000014,0.000095,0.051463,0.000008,0.000336,0.118442,0.004655,0.000227,0.000094,0.077522,0.000751,0.000325,0.005674,0.000128,0.000168,0.000413,0.000407,0.000494,0.000619,0.000458,0.001019,0.109533,0.000013,0.000288,0.000191,0.001357,0.000189,0.000372,0.000249,0.000352,0.000426,0.000280,0.000702,0.133244,0.000207,0.000292,0.000357,0.000036,0.000315,0.000412,0.000386,0.001093,0.000269,0.000034,0.000414,0.000388,0.043338,0.043024,0.001525,0.000215,0.000008,0.000426,0.000279,0.000048,0.000123,0.002223,0.003895,0.001246,0.000519,0.000398,0.000190,0.000412,0.000283,0.000453,0.000537,0.000016,0.000009,0.005081,0.000147,0.000355,0.061683,0.019055,0.000540,0.000249,0.000009,0.000370,0.000375,0.005443,0.001016,0.000616,0.000348,0.000206,0.000685,0.000210,0.000034,0.000811,0.001098,0.003231,0.000271,0.000523,0.000406,0.000194,0.000393,0.001190,0.000190,0.000195,0.000034,0.000205,0.000403,0.000322,0.002329,0.000011,0.000128,0.000271,0.000149,0.000405,0.001887,0.011182
0.000513,0.000782,0.000037,0.000688,0.004202,0.000162,0.000050,0.001076,0.002699,0.005637,0.000168,0.000637,0.000584,0.000045,0.000046,0.001066,0.063012,0.006337,0.000627,0.000250,0.008802,0.000274,0.000084,0.000663,0.000765,0.048973,0.000723,0.005820,0.000055,0.000587,0.000048,0.000501,0.005986,0.000563,0.000588,0.000560,0.000320,0.001857,0.000165,0.001448,0.005796,0.002639,0.000319,0.002271,0.000660,0.022609,0.000018,0.000843,0.050578,0.000721,0.001400,0.000830,0.000568,0.000009,0.000560,0.000460,0.000682,0.000553,0.000292,0.000595,0.000835,0.000240,0.000448,0.000047,0.000394,0.000486,0.000086,0.000859,0.000035,0.000507,0.000838,0.000345,0.000849,0.000655,0.001491,0.000558,0.000542,0.000366,0.000344,0.002911,0.000550,0.097047,0.000446,0.000569,0.001177,0.000538,0.000674,0.000048,0.001870,0.000022,0.000942,0.000016,0.000021,0.001536,0.059241,0.000012,0.001738,0.140941,0.000032,0.000795,0.000032,0.007228,0.000455,0.000726,0.000437,0.000619,0.000653,0.000644,0.000597,0.000637,0.000668,0.000595,0.000729,0.113007,0.000023,0.000448,0.000114,0.002568,0.001081,0.000378,0.000040,0.000530,0.000576,0.000427,0.000540,0.000053,0.000346,0.000512,0.000551,0.000359,0.000477,0.000570,0.000611,0.000715,0.000725,0.000248,0.000571,0.000998,0.004019,0.000167,0.001993,0.000114,0.000387,0.000913,0.000268,0.000012,0.000328,0.000204,0.000143,0.000193,0.000700,0.000850,0.000949,0.000635,0.000438,0.000606,0.000492,0.007502,0.039705,0.009316,0.000099,0.000586,0.010743,0.000047,0.001052,0.000496,0.000826,0.000570,0.000545,0.048501,0.001041,0.000544,0.000601,0.001295,0.001019,0.000255,0.002552,0.000601,0.000342,0.001241,0.000604,0.000497,0.000507,0.000260,0.000513,0.000296,0.001587,0.000281,0.000320,0.000418,0.000594,0.000436,0.003063,0.000014,0.000467,0.000555,0.091065,0.000536,0.003024,0.030738
0.000656,0.001370,0.000018,0.000833,0.088884,0.000657,0.000120,0.000377,0.000186,0.000210,0.000896,0.000778,0.000674,0.000081,0.000018,0.012323,0.060906,0.006232,0.000057,0.000438,0.002515,0.000341,0.000028,0.000648,0.000414,0.042246,0.000698,0.000361,0.000087,0.001177,0.000073,0.000657,0.008816,0.001244,0.000771,0.000750,0.000681,0.000577,0.001223,0.001122,0.002736,0.005282,0.000554,0.023397,0.001285,0.009382,0.000019,0.000768,0.057428,0.000792,0.000624,0.001874,0.000758,0.007501,0.000722,0.000454,0.001307,0.000728,0.002580,0.000817,0.000800,0.000098,0.002115,0.042923,0.000630,0.001766,0.040270,0.001661,0.001105,0.001404,0.001129,0.001014,0.000547,0.000749,0.000147,0.000698,0.000801,0.004834,0.000660,0.002255,0.000733,0.017660,0.000557,0.000955,0.004186,0.000594,0.000586,0.058407,0.000697,0.000137,0.000817,0.151438,0.000085,0.002230,0.000957,0.000017,0.001673,0.000088,0.000043,0.000919,0.000950,0.000089,0.000590,0.001135,0.004094,0.000195,0.000253,0.000761,0.000790,0.000978,0.000752,0.000766,0.000534,0.049586,0.000054,0.000648,0.001598,0.000517,0.001575,0.000737,0.000190,0.000763,0.000716,0.000728,0.000880,0.004082,0.000196,0.001438,0.000818,0.000901,0.001034,0.000816,0.000722,0.003035,0.001589,0.000444,0.000752,0.001032,0.000089,0.000042,0.000847,0.001071,0.007526,0.000429,0.000413,0.000027,0.000634,0.000481,0.000593,0.000262,0.000922,0.000825,0.000474,0.000764,0.000812,0.000774,0.000725,0.000513,0.000016,0.011294,0.000497,0.000865,0.031420,0.108648,0.000898,0.000350,0.000013,0.001021,0.001015,0.000219,0.000120,0.000982,0.000698,0.000014,0.000814,0.000702,0.000028,0.000860,0.001208,0.001112,0.000720,0.000721,0.000723,0.000217,0.000777,0.001244,0.000293,0.000692,0.000256,0.000349,0.000803,0.000585,0.011345,0.000819,0.000420,0.000799,0.002217,0.000972,0.000040,0.000719
0.000477,0.000476,0.000455,0.000513,0.000019,0.002747,0.000130,0.001592,0.005521,0.001549,0.000236,0.000471,0.000596,0.000625,0.060372,0.000161,0.092837,0.009184,0.000034,0.000377,0.003001,0.000941,0.080318,0.000563,0.000940,0.050452,0.000526,0.008512,0.000057,0.000884,0.000046,0.000435,0.001520,0.000491,0.000471,0.000442,0.000366,0.000375,0.000927,0.000818,0.001780,0.001961,0.000556,0.000246,0.000832,0.000030,0.063712,0.000469,0.000031,0.000542,0.000457,0.000351,0.000448,0.014793,0.000546,0.000701,0.000397,0.000447,0.000449,0.000457,0.000529,0.000184,0.000226,0.000033,0.000369,0.000310,0.001384,0.000401,0.000420,0.000415,0.000506,0.000310,0.000282,0.000516,0.000746,0.000632,0.000444,0.002585,0.000508,0.001314,0.000458,0.000541,0.000955,0.000443,0.000053,0.001227,0.000369,0.019702,0.000868,0.000262,0.000525,0.067164,0.030074,0.001627,0.000073,0.000092,0.000538,0.000015,0.000146,0.000445,0.000079,0.040096,0.000544,0.000434,0.000179,0.000084,0.000130,0.000467,0.000577,0.000371,0.000543,0.000487,0.000625,0.001097,0.000100,0.000432,0.003555,0.000136,0.000682,0.000507,0.000333,0.000513,0.000484,0.000462,0.000555,0.030857,0.001572,0.000378,0.000394,0.000273,0.000414,0.000475,0.000571,0.000293,0.000615,0.000135,0.000466,0.000457,0.016027,0.000059,0.000456,0.000875,0.106605,0.000202,0.000598,0.001467,0.000527,0.000061,0.000024,0.000337,0.000399,0.000434,0.000407,0.000580,0.000335,0.000510,0.000421,0.004711,0.031444,0.000071,0.002124,0.000459,0.000017,0.046139,0.000712,0.000341,0.000017,0.000478,0.000487,0.000087,0.000397,0.000575,0.000427,0.002950,0.000541,0.000359,0.039341,0.000865,0.000366,0.001235,0.000293,0.000279,0.000700,0.000085,0.000403,0.000386,0.003901,0.000867,0.000144,0.000271,0.000479,0.000694,0.018288,0.000026,0.000740,0.000951,0.000032,0.000433,0.058800,0.000041
0.000502,0.001271,0.000010,0.000699,0.105650,0.000212,0.000036,0.000272,0.000140,0.003216,0.000202,0.000579,0.000413,0.000009,0.000872,0.000575,0.002229,0.001033,0.000016,0.000248,0.009550,0.000149,0.000017,0.000639,0.000253,0.000102,0.000552,0.036051,0.000190,0.000814,0.000025,0.000422,0.027607,0.000530,0.000578,0.000499,0.000533,0.000638,0.000401,0.000734,0.001661,0.001189,0.000805,0.027205,0.000150,0.004601,0.000014,0.000572,0.019781,0.000921,0.000367,0.000805,0.000515,0.000011,0.000744,0.000356,0.000570,0.000761,0.000283,0.000747,0.000498,0.000052,0.000035,0.000041,0.000507,0.000345,0.000086,0.000111,0.000012,0.000500,0.000516,0.000801,0.000207,0.000627,0.000516,0.000829,0.000548,0.000446,0.000442,0.003424,0.000543,0.071957,0.000471,0.000620,0.000622,0.000516,0.000452,0.065356,0.007576,0.000015,0.000783,0.000867,0.000024,0.000903,0.048735,0.000011,0.002661,0.000017,0.000763,0.000367,0.000046,0.112605,0.000727,0.000524,0.010889,0.002576,0.002251,0.000696,0.000606,0.000853,0.001070,0.000716,0.002497,0.058647,0.000029,0.000477,0.005669,0.000184,0.000320,0.001360,0.028747,0.000644,0.000554,0.000430,0.000825,0.082370,0.002043,0.000395,0.000535,0.000060,0.000459,0.000577,0.000528,0.001299,0.000588,0.000055,0.000572,0.000952,0.013667,0.000032,0.000806,0.000620,0.007405,0.000306,0.000470,0.000133,0.000214,0.001497,0.001647,0.004872,0.000532,0.000502,0.000946,0.000594,0.000293,0.000568,0.000516,0.002650,0.000167,0.000933,0.000185,0.000964,0.074715,0.004480,0.000430,0.000475,0.000047,0.000885,0.000545,0.002883,0.000235,0.000461,0.000599,0.000082,0.000506,0.000316,0.046415,0.000611,0.001003,0.000579,0.000274,0.001036,0.000513,0.000228,0.000536,0.000366,0.000111,0.002784,0.000053,0.000393,0.000573,0.000496,0.000927,0.007857,0.001384,0.000377,0.000024,0.000616,0.001252,0.005706
0.000406,0.000574,0.000038,0.000479,0.009465,0.002193,0.000068,0.000372,0.000282,0.000068,0.000300,0.000500,0.000396,0.143265,0.000229,0.000519,0.008515,0.001548,0.008884,0.000646,0.000195,0.001451,0.040940,0.000442,0.000504,0.000057,0.000695,0.000055,0.000333,0.000362,0.000049,0.000461,0.000575,0.000662,0.000528,0.000489,0.000247,0.000143,0.001366,0.000802,0.002540,0.001003,0.000428,0.000060,0.004216,0.000021,0.000020,0.000452,0.000029,0.000480,0.000420,0.000601,0.000463,0.065696,0.000524,0.000381,0.000405,0.000430,0.000551,0.000433,0.000399,0.000111,0.001248,0.000124,0.000309,0.001115,0.012442,0.006764,0.000072,0.000416,0.000369,0.000932,0.000578,0.000446,0.000075,0.000485,0.000444,0.000100,0.000305,0.000086,0.000532,0.000022,0.000526,0.000418,0.004942,0.000330,0.000516,0.000058,0.000183,0.003278,0.000391,0.010770,0.058208,0.000751,0.000050,0.085185,0.001101,0.000218,0.000023,0.001037,0.001138,0.040145,0.000330,0.000689,0.000548,0.001007,0.001161,0.000447,0.000516,0.000707,0.000474,0.000458,0.000556,0.000018,0.039165,0.000691,0.005545,0.000080,0.001487,0.000376,0.000108,0.000554,0.000618,0.000681,0.000413,0.000025,0.000759,0.000440,0.000300,0.000235,0.000452,0.000563,0.000427,0.001506,0.000488,0.014096,0.000448,0.000364,0.000856,0.000030,0.000380,0.000196,0.000838,0.000521,0.000509,0.000849,0.000537,0.005126,0.008644,0.011847,0.000388,0.000427,0.000206,0.000482,0.000230,0.000450,0.000767,0.000016,0.000014,0.000044,0.001049,0.000404,0.000035,0.005873,0.000330,0.001145,0.121701,0.000543,0.000530,0.000090,0.000202,0.000542,0.000412,0.014946,0.000441,0.001495,0.063638,0.000523,0.000411,0.000110,0.000437,0.001467,0.000572,0.000032,0.000389,0.000891,0.005146,0.000231,0.000073,0.000904,0.000487,0.000799,0.000064,0.117070,0.000203,0.001162,0.000030,0.000532,0.000069,0.000036
0.000391,0.000335,0.001461,0.000357,0.000007,0.000907,0.000046,0.000289,0.000219,0.000359,0.000032,0.000356,0.000611,0.128902,0.000767,0.000306,0.000041,0.000132,0.007933,0.000572,0.000021,0.000325,0.073791,0.000347,0.000269,0.000184,0.000290,0.000020,0.000689,0.000325,0.000385,0.000681,0.000034,0.000339,0.000370,0.000470,0.000311,0.000562,0.001151,0.001022,0.004999,0.000283,0.000284,0.006201,0.000896,0.000021,0.027974,0.000498,0.000026,0.000265,0.000223,0.000474,0.000496,0.000539,0.000346,0.000766,0.000293,0.000341,0.000608,0.000317,0.000473,0.016350,0.000035,0.000052,0.000201,0.000282,0.000117,0.003828,0.000339,0.000343,0.000274,0.000873,0.000478,0.000411,0.001172,0.000281,0.000357,0.000081,0.000670,0.000077,0.000417,0.001667,0.000331,0.000364,0.001140,0.000306,0.000315,0.001724,0.000084,0.061190,0.000514,0.097241,0.000062,0.000428,0.000057,0.000023,0.000403,0.095955,0.000036,0.000556,0.000295,0.058575,0.000324,0.000395,0.000054,0.001092,0.000832,0.000361,0.000396,0.000241,0.000343,0.000366,0.000249,0.003445,0.000020,0.000304,0.002581,0.000124,0.000574,0.000399,0.000575,0.000628,0.000331,0.000343,0.000334,0.072250,0.001972,0.000466,0.000763,0.001590,0.000530,0.000494,0.000490,0.000209,0.000640,0.000208,0.000363,0.000564,0.040942,0.006783,0.000277,0.000187,0.000946,0.000613,0.000429,0.001279,0.000222,0.000039,0.000014,0.000107,0.000362,0.000455,0.000135,0.000367,0.001400,0.000419,0.000370,0.000116,0.003510,0.000093,0.000208,0.000365,0.000035,0.014766,0.000708,0.000241,0.000012,0.000391,0.000346,0.011394,0.021940,0.000446,0.000384,0.016582,0.000329,0.000557,0.020381,0.000505,0.000236,0.000142,0.000964,0.000378,0.000433,0.001295,0.000394,0.000300,0.001792,0.000686,0.008973,0.000252,0.000366,0.000431,0.000014,0.075357,0.000272,0.000421,0.009632,0.000333,0.033846,0.000142
0.000774,0.000519,0.013874,0.000670,0.000019,0.000650,0.002092,0.000405,0.000235,0.001109,0.000608,0.000675,0.000562,0.000612,0.001188,0.000599,0.000527,0.000574,0.012733,0.000645,0.002970,0.000801,0.041118,0.000575,0.000645,0.000026,0.000569,0.000246,0.000116,0.000461,0.003824,0.000838,0.000076,0.000604,0.000641,0.000685,0.000793,0.000235,0.000302,0.000538,0.000255,0.001209,0.000901,0.000163,0.001932,0.000096,0.018308,0.000629,0.000650,0.000615,0.001176,0.000293,0.000700,0.000084,0.000881,0.001622,0.000548,0.000604,0.001065,0.000587,0.000565,0.010668,0.005422,0.000085,0.000538,0.000734,0.007321,0.005423,0.000034,0.000556,0.000624,0.000980,0.000878,0.000730,0.000177,0.000971,0.000597,0.000814,0.000628,0.000485,0.000643,0.000066,0.000573,0.000586,0.000653,0.000665,0.000647,0.000036,0.001081,0.006929,0.000685,0.099765,0.001529,0.002058,0.001086,0.116892,0.000352,0.011845,0.000146,0.000903,0.003296,0.000020,0.000557,0.000703,0.000334,0.018173,0.015597,0.000618,0.000623,0.001692,0.000674,0.000645,0.001121,0.000018,0.018681,0.000742,0.000980,0.000434,0.000701,0.000591,0.000199,0.000832,0.000583,0.000732,0.000574,0.053774,0.001325,0.000626,0.000448,0.000691,0.000498,0.000764,0.000671,0.000507,0.000744,0.001312,0.000622,0.000756,0.003774,0.061582,0.000822,0.001961,0.002860,0.000393,0.000781,0.002518,0.000318,0.000123,0.000110,0.000794,0.000570,0.000562,0.000518,0.000633,0.000920,0.000631,0.000787,0.000204,0.000409,0.000065,0.000745,0.000859,0.000124,0.030347,0.000553,0.000505,0.000021,0.000601,0.000598,0.000105,0.000081,0.000562,0.000884,0.000083,0.000606,0.001149,0.005896,0.000869,0.000738,0.000445,0.000584,0.001064,0.000756,0.001682,0.000715,0.000496,0.001802,0.003406,0.001184,0.001059,0.000628,0.000690,0.000024,0.249989,0.002289,0.000802,0.001123,0.000645,0.039575,0.019702
0.000618,0.001454,0.000014,0.000892,0.079452,0.000309,0.000047,0.000439,0.000257,0.001577,0.000157,0.000699,0.000556,0.000017,0.000040,0.001505,0.000072,0.000248,0.000022,0.000650,0.000669,0.000333,0.000066,0.000770,0.000866,0.000027,0.000698,0.001794,0.005676,0.000638,0.000042,0.000616,0.007638,0.000652,0.000722,0.000739,0.001088,0.000515,0.000374,0.000593,0.000296,0.000497,0.001029,0.000982,0.000165,0.005038,0.000020,0.000704,0.008495,0.000970,0.002017,0.000269,0.000706,0.003001,0.000692,0.000478,0.000877,0.000731,0.000412,0.000748,0.000835,0.000962,0.000212,0.000101,0.000644,0.000454,0.000063,0.000576,0.000200,0.000695,0.000869,0.000570,0.000528,0.000708,0.001024,0.000738,0.000664,0.001074,0.000647,0.001080,0.000694,0.007859,0.000635,0.000799,0.000260,0.000766,0.000541,0.174281,0.002063,0.000041,0.000647,0.000015,0.000028,0.000065,0.044513,0.000027,0.001661,0.004641,0.052762,0.000450,0.000216,0.000025,0.001046,0.000609,0.000651,0.001409,0.001379,0.000723,0.000706,0.000765,0.000670,0.000720,0.000454,0.016156,0.000350,0.000669,0.000817,0.001311,0.000820,0.000920,0.001121,0.000621,0.000956,0.000699,0.001131,0.000091,0.000327,0.001072,0.000610,0.001454,0.000556,0.000695,0.000837,0.000478,0.001339,0.002136,0.000707,0.000856,0.000344,0.055190,0.003129,0.000178,0.000439,0.000513,0.000710,0.000514,0.000488,0.001609,0.001107,0.000778,0.000811,0.000752,0.000635,0.000768,0.000786,0.000705,0.000594,0.061438,0.110390,0.012949,0.000272,0.000922,0.043024,0.000090,0.000654,0.001001,0.058984,0.001017,0.000689,0.000412,0.000063,0.000685,0.000652,0.000143,0.000784,0.000358,0.000042,0.000644,0.000573,0.000454,0.001014,0.000561,0.000641,0.005182,0.000729,0.000664,0.000214,0.000953,0.000420,0.000521,0.000713,0.000584,0.091376,0.000022,0.000602,0.000396,0.034974,0.000847,0.000046,0.000089
0.000959,0.000623,0.023544,0.000771,0.255860,0.000742,0.013812,0.000971,0.001353,0.002524,0.007979,0.000777,0.000645,0.000010,0.000157,0.001063,0.000023,0.000115,0.000220,0.000998,0.000048,0.000456,0.000030,0.000883,0.000655,0.000089,0.000924,0.073478,0.000193,0.000853,0.011103,0.000612,0.020456,0.000990,0.000763,0.000707,0.002109,0.000348,0.000458,0.001570,0.002564,0.000797,0.001284,0.003828,0.000684,0.000193,0.000050,0.000762,0.002078,0.001251,0.001111,0.001749,0.000718,0.000638,0.000751,0.000465,0.001199,0.000883,0.001516,0.000853,0.001261,0.000590,0.038247,0.051228,0.002177,0.001043,0.000169,0.000481,0.000104,0.001393,0.000841,0.001351,0.000808,0.000752,0.000316,0.000781,0.000896,0.002588,0.000728,0.001038,0.000773,0.000332,0.000938,0.000755,0.000218,0.000900,0.000784,0.000103,0.002461,0.000266,0.000312,0.000046,0.000100,0.000063,0.000214,0.083876,0.001433,0.000017,0.081258,0.000762,0.017156,0.000023,0.000617,0.001068,0.008629,0.000122,0.000192,0.000762,0.000774,0.000997,0.000785,0.000773,0.000908,0.002052,0.000422,0.000738,0.000303,0.001822,0.000794,0.000652,0.000249,0.000724,0.000719,0.000839,0.000965,0.000093,0.000181,0.001971,0.000478,0.000308,0.000988,0.000832,0.000707,0.001273,0.000367,0.000358,0.000838,0.000437,0.000029,0.000071,0.001685,0.002082,0.000020,0.000723,0.000634,0.000173,0.000796,0.000623,0.000447,0.000295,0.001236,0.000906,0.000380,0.000794,0.000423,0.000759,0.000686,0.007199,0.000509,0.000765,0.000680,0.000744,0.005287,0.011621,0.000652,0.000844,0.000239,0.001137,0.000783,0.000288,0.051317,0.000748,0.000826,0.000114,0.001119,0.000802,0.000050,0.000612,0.000435,0.000219,0.000852,0.000514,0.000871,0.001214,0.001088,0.002193,0.000162,0.000410,0.001243,0.000508,0.000827,0.000606,0.017417,0.000354,0.000254,0.000466,0.082822,0.000736,0.000036,0.000114
0.000524,0.000754,0.000049,0.000604,0.000032,0.000178,0.004520,0.000980,0.002231,0.008260,0.000205,0.000660,0.000571,0.000028,0.015989,0.000338,0.004906,0.001313,0.000045,0.000318,0.002131,0.000169,0.000026,0.000815,0.000310,0.000074,0.000408,0.000191,0.000056,0.000563,0.001776,0.000591,0.000638,0.000536,0.000627,0.000640,0.000449,0.000356,0.000319,0.000512,0.000092,0.002616,0.000261,0.000698,0.000272,0.004762,0.000047,0.000707,0.049800,0.000513,0.000457,0.000315,0.000756,0.044786,0.000552,0.000703,0.000542,0.000567,0.000321,0.000655,0.000506,0.000252,0.000034,0.000068,0.000394,0.001546,0.000096,0.000634,0.000023,0.000514,0.000707,0.000775,0.001058,0.000586,0.000271,0.000478,0.000549,0.001308,0.000366,0.005246,0.000552,0.072855,0.000492,0.000548,0.000263,0.000698,0.001049,0.000013,0.003165,0.000018,0.001082,0.000015,0.000020,0.000409,0.060490,0.000012,0.000563,0.168373,0.002189,0.000345,0.000469,0.009613,0.001068,0.000477,0.000651,0.000542,0.000603,0.000591,0.000606,0.000605,0.000555,0.000588,0.000535,0.069337,0.000031,0.000478,0.000194,0.001130,0.000657,0.000364,0.000044,0.000693,0.000690,0.000457,0.000553,0.185454,0.000494,0.000334,0.000820,0.003127,0.000456,0.000573,0.000575,0.000718,0.000417,0.002294,0.000666,0.002627,0.074993,0.018984,0.001147,0.000701,0.000015,0.000279,0.000251,0.000011,0.000241,0.000848,0.001407,0.000123,0.000923,0.000513,0.000704,0.000658,0.001502,0.000584,0.000624,0.000109,0.000014,0.006537,0.000209,0.000519,0.056301,0.000077,0.000598,0.000437,0.000027,0.000596,0.000548,0.000259,0.000063,0.000436,0.000998,0.000143,0.000595,0.000346,0.000025,0.001375,0.002039,0.005760,0.001544,0.000237,0.000493,0.005801,0.000577,0.000427,0.000763,0.002152,0.004057,0.001028,0.000610,0.000499,0.000267,0.000011,0.000381,0.000454,0.000020,0.000538,0.000203,0.015657
0.000856,0.000559,0.018373,0.000675,0.095042,0.000652,0.005720,0.000803,0.000917,0.004444,0.000460,0.000679,0.000696,0.000014,0.010566,0.000445,0.000272,0.000430,0.000064,0.000755,0.001252,0.000929,0.000166,0.000685,0.000691,0.000094,0.000626,0.018373,0.008887,0.000705,0.003874,0.000608,0.005941,0.000662,0.000798,0.000717,0.002034,0.000536,0.000323,0.001662,0.003336,0.003809,0.001441,0.002856,0.000984,0.000052,0.000480,0.000680,0.000052,0.000647,0.002230,0.000289,0.000686,0.000080,0.000653,0.000602,0.000912,0.000768,0.000506,0.000827,0.000910,0.000240,0.025654,0.001606,0.000564,0.001345,0.000077,0.000414,0.009041,0.000664,0.000556,0.000593,0.001083,0.000757,0.000222,0.000706,0.000693,0.005254,0.000615,0.008169,0.000644,0.004357,0.000534,0.000840,0.001621,0.000606,0.000832,0.000034,0.002115,0.000503,0.000542,0.144036,0.010538,0.000877,0.000621,0.002328,0.001443,0.000019,0.016985,0.000514,0.000399,0.000023,0.000790,0.000658,0.000220,0.000071,0.000131,0.000952,0.000715,0.000569,0.000624,0.000695,0.000495,0.000293,0.000218,0.000640,0.000304,0.001093,0.000640,0.000652,0.003444,0.000851,0.000608,0.000634,0.000877,0.007370,0.000423,0.000765,0.000842,0.002403,0.000716,0.000671,0.000787,0.000656,0.000863,0.000820,0.000748,0.000594,0.000077,0.009687,0.000525,0.006682,0.000069,0.000501,0.000789,0.001806,0.001290,0.000229,0.000198,0.000316,0.000744,0.000625,0.000940,0.000751,0.000489,0.000695,0.000589,0.015031,0.000630,0.000318,0.000659,0.001228,0.001781,0.049483,0.000809,0.000447,0.000017,0.000828,0.000702,0.000305,0.058019,0.001000,0.000596,0.042329,0.000655,0.000802,0.081434,0.001316,0.001589,0.005044,0.000418,0.000571,0.000683,0.000073,0.000797,0.001783,0.000206,0.000334,0.001960,0.000363,0.000701,0.000738,0.020093,0.006146,0.006751,0.000741,0.123907,0.000635,0.030892,0.012903
0.000563,0.000434,0.004311,0.000521,0.013901,0.000971,0.000045,0.000342,0.000189,0.000180,0.000400,0.000561,0.000355,0.003812,0.000015,0.001636,0.000039,0.000146,0.000161,0.000848,0.007848,0.002552,0.000504,0.000688,0.000404,0.001071,0.000747,0.019194,0.002393,0.000907,0.000221,0.000586,0.000263,0.000477,0.000497,0.000561,0.003432,0.001034,0.000748,0.001618,0.005678,0.000852,0.000459,0.000170,0.001661,0.000061,0.053187,0.000501,0.000032,0.001013,0.000732,0.001997,0.000594,0.086359,0.000477,0.000388,0.000546,0.000499,0.001874,0.000446,0.000473,0.002731,0.000159,0.017517,0.001295,0.000380,0.000468,0.000581,0.000280,0.000717,0.000453,0.000284,0.001016,0.000555,0.010986,0.000449,0.000575,0.000216,0.001096,0.000258,0.000527,0.000020,0.000377,0.000569,0.003923,0.000435,0.000603,0.000020,0.000220,0.054039,0.000232,0.001621,0.007196,0.001332,0.000871,0.136296,0.002340,0.000099,0.000040,0.000556,0.000660,0.000023,0.000472,0.000597,0.000607,0.002030,0.001634,0.000503,0.000521,0.000717,0.000453,0.000509,0.000303,0.000023,0.026462,0.000684,0.000249,0.000620,0.000518,0.000516,0.000379,0.000436,0.001039,0.000848,0.000585,0.000038,0.000630,0.000513,0.000475,0.003429,0.000389,0.000646,0.000467,0.000906,0.000725,0.005320,0.000510,0.001324,0.000045,0.000129,0.000324,0.000640,0.015230,0.000475,0.000443,0.000344,0.000801,0.000106,0.000087,0.000468,0.000521,0.000568,0.000361,0.000497,0.000631,0.000494,0.000418,0.026097,0.117103,0.000080,0.001056,0.000486,0.000423,0.006117,0.000468,0.000517,0.000690,0.000666,0.000553,0.000041,0.023561,0.000466,0.000515,0.000039,0.000474,0.000354,0.050011,0.000405,0.001173,0.000149,0.001463,0.000263,0.000529,0.000085,0.000446,0.000485,0.000129,0.000242,0.000392,0.000314,0.000545,0.000450,0.024086,0.022636,0.003679,0.000307,0.089360,0.000482,0.058760,0.000058
0.000810,0.000942,0.000293,0.000847,0.000030,0.000544,0.001348,0.000642,0.000468,0.002284,0.000611,0.000832,0.001318,0.006157,0.000044,0.001920,0.000037,0.000180,0.000340,0.001193,0.000159,0.000882,0.000568,0.001112,0.001174,0.036858,0.000604,0.006791,0.007092,0.000812,0.000466,0.001057,0.000134,0.000782,0.000839,0.001049,0.000661,0.000520,0.002970,0.000710,0.000176,0.001082,0.000708,0.027696,0.000612,0.012884,0.062216,0.000842,0.029402,0.000769,0.000753,0.000841,0.001054,0.000015,0.000799,0.000706,0.000733,0.000854,0.000612,0.000845,0.001059,0.001944,0.001141,0.000132,0.000801,0.000732,0.000101,0.001849,0.000036,0.000811,0.000898,0.000851,0.001951,0.000915,0.000935,0.000685,0.000812,0.000371,0.000950,0.000477,0.000878,0.002589,0.001132,0.000781,0.000135,0.001368,0.000778,0.000188,0.000481,0.004131,0.001440,0.000058,0.002124,0.000286,0.000073,0.000062,0.000483,0.261919,0.000205,0.000682,0.000204,0.000109,0.001074,0.000772,0.000861,0.007443,0.007953,0.000861,0.000859,0.000509,0.000720,0.000887,0.000516,0.009046,0.000389,0.000861,0.001419,0.000507,0.000704,0.001778,0.020535,0.000891,0.000860,0.000787,0.000774,0.000039,0.002034,0.000920,0.000579,0.005057,0.001059,0.001062,0.000795,0.000685,0.000562,0.007005,0.000842,0.000897,0.000325,0.020973,0.000509,0.001239,0.000030,0.001100,0.000904,0.001214,0.001024,0.010974,0.010911,0.004143,0.000971,0.000839,0.000754,0.000858,0.001981,0.000860,0.000977,0.000070,0.000069,0.000164,0.001288,0.000720,0.000041,0.004520,0.000698,0.001049,0.002206,0.000885,0.000858,0.002779,0.065456,0.000947,0.001149,0.066247,0.000771,0.000683,0.111854,0.000786,0.000376,0.000642,0.001311,0.000511,0.001087,0.000425,0.000824,0.001228,0.001791,0.001377,0.004543,0.001064,0.000910,0.001025,0.000029,0.034602,0.000143,0.000877,0.002228,0.000986,0.000385,0.010032
0.000419,0.000771,0.000017,0.000592,0.158126,0.000289,0.000074,0.000524,0.000596,0.002984,0.000158,0.000490,0.000482,0.000024,0.000061,0.000803,0.001392,0.000739,0.000080,0.000275,0.007028,0.001821,0.000017,0.000539,0.000291,0.000017,0.000628,0.000022,0.005110,0.000669,0.000796,0.000375,0.017781,0.000570,0.000481,0.000454,0.001005,0.001101,0.000375,0.000406,0.000210,0.000346,0.000534,0.000176,0.000207,0.004639,0.000012,0.000481,0.042208,0.000372,0.000453,0.000502,0.000463,0.000008,0.000513,0.000348,0.000431,0.000492,0.000201,0.000608,0.000507,0.000036,0.000024,0.000031,0.000263,0.000268,0.000049,0.000146,0.000016,0.000424,0.000611,0.000288,0.000439,0.000480,0.000543,0.000565,0.000464,0.001186,0.000274,0.004675,0.000458,0.004157,0.000611,0.000506,0.000332,0.000528,0.000373,0.090322,0.000105,0.040469,0.000790,0.000013,0.000017,0.000083,0.020801,0.000010,0.000917,0.001039,0.003338,0.000256,0.000144,0.095905,0.001020,0.000381,0.002343,0.000918,0.000953,0.000619,0.000495,0.003291,0.000652,0.000526,0.000893,0.030000,0.000069,0.000464,0.000086,0.002259,0.000602,0.000410,0.000335,0.000692,0.000461,0.000527,0.000640,0.000013,0.000399,0.000364,0.000567,0.000036,0.000379,0.000601,0.000451,0.001307,0.000751,0.003446,0.000520,0.001819,0.021184,0.051538,0.000737,0.000627,0.000629,0.000411,0.000534,0.003194,0.000239,0.000571,0.000620,0.002795,0.000462,0.000415,0.000750,0.000499,0.000481,0.000523,0.000413,0.073501,0.001010,0.000133,0.000075,0.000418,0.067392,0.000020,0.000368,0.001228,0.140880,0.000521,0.000462,0.000103,0.001484,0.000635,0.000439,0.002608,0.000449,0.000393,0.000058,0.000531,0.000507,0.000208,0.001146,0.001131,0.000457,0.007365,0.000474,0.000263,0.000378,0.000280,0.000065,0.002480,0.000512,0.000551,0.000021,0.000032,0.002854,0.000780,0.007244,0.000480,0.000030,0.000076
0.000886,0.000674,0.008548,0.000792,0.000026,0.003985,0.000788,0.000476,0.000261,0.000138,0.001849,0.000786,0.000756,0.091549,0.039220,0.000406,0.088048,0.008713,0.005417,0.001634,0.000381,0.000989,0.006392,0.000758,0.001217,0.009116,0.000671,0.000451,0.030030,0.000963,0.000661,0.000972,0.000097,0.000979,0.000852,0.000858,0.000500,0.000329,0.003078,0.001004,0.001257,0.000519,0.000457,0.000382,0.002991,0.000068,0.000832,0.000782,0.000048,0.000629,0.000703,0.000918,0.000845,0.000343,0.000738,0.000837,0.000787,0.000734,0.001244,0.000714,0.000716,0.007049,0.000320,0.000808,0.000610,0.000726,0.032121,0.000891,0.004986,0.000869,0.001110,0.000868,0.000668,0.000856,0.000931,0.000690,0.000825,0.000929,0.001231,0.000147,0.000922,0.000068,0.000589,0.000800,0.009965,0.000577,0.000764,0.026641,0.000190,0.021568,0.000531,0.000058,0.028965,0.003491,0.000064,0.065934,0.001012,0.188978,0.000039,0.000909,0.000519,0.092752,0.000919,0.000719,0.000441,0.000072,0.000140,0.000777,0.000887,0.000693,0.000712,0.000791,0.000557,0.000071,0.011203,0.000964,0.002089,0.000576,0.001332,0.000682,0.000164,0.000693,0.000743,0.000920,0.000845,0.000015,0.000552,0.000573,0.000609,0.001846,0.000753,0.000827,0.000744,0.001046,0.001253,0.005757,0.000797,0.000519,0.000085,0.024601,0.000817,0.000998,0.000066,0.001691,0.000871,0.001538,0.001417,0.004068,0.007594,0.009214,0.000784,0.000896,0.000708,0.000807,0.001454,0.000811,0.001215,0.000027,0.000031,0.001315,0.000890,0.000808,0.001173,0.000320,0.000803,0.000898,0.005394,0.000688,0.000787,0.001278,0.022402,0.000963,0.000697,0.000015,0.000716,0.001260,0.001751,0.000605,0.000270,0.000204,0.000858,0.002610,0.000794,0.000060,0.000681,0.001485,0.001064,0.000416,0.001670,0.000644,0.000841,0.000932,0.000059,0.003690,0.000405,0.001654,0.000054,0.000817,0.002154,0.000136
0.000951,0.000463,0.076575,0.000645,0.000021,0.001529,0.010070,0.001151,0.002762,0.000577,0.000077,0.000716,0.002001,0.226396,0.113816,0.000160,0.000071,0.000221,0.000962,0.001002,0.000838,0.000556,0.065616,0.000591,0.000678,0.035794,0.000703,0.000097,0.004762,0.001159,0.005846,0.000952,0.000065,0.000581,0.000720,0.000668,0.001151,0.001212,0.000687,0.000618,0.000576,0.000611,0.000359,0.000445,0.000913,0.001286,0.017780,0.000635,0.000039,0.000567,0.000196,0.008340,0.000646,0.000020,0.000600,0.001163,0.000549,0.000603,0.000455,0.000522,0.000546,0.028744,0.000725,0.000218,0.000615,0.001080,0.003775,0.001113,0.008106,0.000554,0.000514,0.000395,0.000726,0.000619,0.001846,0.000578,0.000646,0.002599,0.000607,0.000461,0.000642,0.000109,0.000915,0.000593,0.000168,0.000861,0.000682,0.000163,0.000236,0.032057,0.000337,0.000069,0.000327,0.000093,0.000110,0.073489,0.000332,0.000046,0.000041,0.000804,0.004148,0.037274,0.000577,0.000706,0.000131,0.000138,0.000202,0.000637,0.000639,0.000637,0.000531,0.000668,0.000358,0.000147,0.003267,0.000681,0.009571,0.000144,0.001028,0.000601,0.000356,0.000946,0.000598,0.000619,0.000673,0.000445,0.000606,0.000704,0.000449,0.002695,0.000595,0.000851,0.000808,0.000372,0.000944,0.006026,0.000650,0.000535,0.002589,0.043525,0.000522,0.001873,0.000171,0.002043,0.000728,0.001909,0.000923,0.000187,0.000178,0.000292,0.000638,0.000838,0.000521,0.000639,0.000557,0.000627,0.000606,0.002410,0.008122,0.000107,0.001850,0.000482,0.000053,0.003408,0.000619,0.000524,0.000064,0.000601,0.000634,0.000325,0.003363,0.000832,0.000580,0.030596,0.000570,0.001076,0.000999,0.000599,0.000523,0.001220,0.000646,0.001342,0.000607,0.000129,0.000772,0.001577,0.001495,0.001200,0.001227,0.003323,0.000631,0.000625,0.000040,0.015262,0.000238,0.000847,0.002875,0.000644,0.000106,0.000230
0.000544,0.000402,0.004872,0.000463,0.121670,0.000173,0.002165,0.001223,0.003845,0.001096,0.000902,0.000457,0.000579,0.000009,0.085200,0.000121,0.001400,0.000736,0.000019,0.000310,0.028640,0.000191,0.000042,0.000423,0.000588,0.002250,0.000314,0.034543,0.000166,0.000477,0.003954,0.000442,0.000715,0.000544,0.000463,0.000515,0.000382,0.000512,0.000785,0.000436,0.000126,0.000278,0.000461,0.000192,0.000221,0.002657,0.000194,0.000529,0.000120,0.000586,0.000458,0.000196,0.000528,0.051162,0.000437,0.000259,0.000666,0.000585,0.001017,0.000439,0.000655,0.000089,0.011462,0.010809,0.001499,0.000607,0.009495,0.000223,0.000052,0.000778,0.000443,0.000373,0.000950,0.000458,0.000254,0.000444,0.000524,0.004048,0.000307,0.005416,0.000439,0.000031,0.000524,0.000472,0.000126,0.000631,0.000532,0.000024,0.000930,0.000429,0.000279,0.004281,0.000254,0.002030,0.005819,0.002230,0.000615,0.000012,0.028597,0.000375,0.000185,0.000014,0.000521,0.000445,0.001143,0.023566,0.013829,0.000473,0.000463,0.001465,0.000420,0.000484,0.000236,0.000145,0.001353,0.000541,0.000081,0.001723,0.000312,0.000729,0.005978,0.000482,0.000431,0.000629,0.000783,0.000022,0.000211,0.000518,0.000491,0.001059,0.000380,0.000520,0.000441,0.000772,0.000318,0.001258,0.000464,0.000918,0.000019,0.000035,0.001138,0.001645,0.005000,0.000882,0.000382,0.000325,0.000308,0.000072,0.000034,0.000068,0.000534,0.000659,0.000566,0.000486,0.000906,0.000462,0.000391,0.062951,0.130271,0.008012,0.000446,0.000425,0.010679,0.001689,0.000524,0.000371,0.000049,0.000580,0.000451,0.000036,0.000113,0.000674,0.000431,0.000182,0.000508,0.000251,0.000056,0.000484,0.000847,0.003437,0.000638,0.000616,0.000479,0.000541,0.000454,0.001745,0.000137,0.000234,0.000065,0.000193,0.000489,0.000531,0.000090,0.215709,0.005876,0.000305,0.008758,0.000549,0.000031,0.000181
0.000403,0.000461,0.000166,0.000437,0.111190,0.000109,0.004068,0.000368,0.000278,0.000218,0.000605,0.000480,0.000308,0.000008,0.032803,0.000187,0.099886,0.010761,0.001830,0.000491,0.021016,0.000166,0.000016,0.000333,0.000248,0.046680,0.000526,0.037886,0.011935,0.000365,0.007275,0.000323,0.015988,0.000456,0.000421,0.000377,0.000558,0.000175,0.000145,0.000358,0.000322,0.001653,0.000800,0.000084,0.000121,0.033429,0.000010,0.000424,0.000026,0.000369,0.001202,0.000174,0.000386,0.000008,0.000576,0.000268,0.000702,0.000424,0.001088,0.000743,0.000699,0.000035,0.000272,0.015922,0.001920,0.000987,0.000048,0.000115,0.047243,0.000626,0.000579,0.000292,0.000140,0.000415,0.000745,0.000552,0.000522,0.000648,0.000519,0.000508,0.000421,0.003658,0.000581,0.000400,0.000134,0.000521,0.000385,0.000662,0.000646,0.000055,0.000751,0.000144,0.000039,0.001250,0.000173,0.000178,0.000141,0.000044,0.002636,0.000459,0.001677,0.000642,0.000384,0.000453,0.000145,0.026715,0.014230,0.000416,0.000421,0.000190,0.000671,0.000501,0.001610,0.003560,0.005317,0.000494,0.000101,0.001359,0.000291,0.001160,0.000096,0.000440,0.000416,0.000412,0.000464,0.040397,0.000182,0.000397,0.000395,0.000034,0.000752,0.000421,0.000426,0.001328,0.000391,0.000071,0.000493,0.000245,0.000017,0.000032,0.000345,0.005251,0.025192,0.000201,0.001322,0.046033,0.000710,0.000824,0.000828,0.000826,0.000345,0.000352,0.001029,0.000443,0.000342,0.000492,0.000372,0.016307,0.010673,0.000489,0.001545,0.000546,0.051131,0.049682,0.000793,0.000233,0.000008,0.000415,0.000401,0.000055,0.000018,0.000495,0.000396,0.027517,0.000387,0.000593,0.000016,0.000749,0.000472,0.000740,0.000255,0.000505,0.000362,0.000113,0.000620,0.000340,0.000159,0.001025,0.000081,0.000166,0.000423,0.000418,0.000047,0.093691,0.001937,0.000576,0.000057,0.000424,0.000078,0.003228
0.001149,0.001210,0.000752,0.001170,0.011456,0.002148,0.000178,0.001377,0.001505,0.001377,0.008271,0.001152,0.001292,0.000108,0.000098,0.002109,0.039180,0.005822,0.036401,0.002184,0.003845,0.009425,0.010545,0.001526,0.002756,0.000051,0.001130,0.001203,0.000959,0.001135,0.000102,0.001004,0.017708,0.001099,0.001159,0.001272,0.000543,0.000481,0.002848,0.001692,0.001944,0.000779,0.000870,0.000524,0.000873,0.000893,0.065758,0.001172,0.000089,0.002002,0.001310,0.001069,0.001340,0.082673,0.001267,0.000978,0.001296,0.001261,0.001434,0.001120,0.001295,0.006910,0.000292,0.001167,0.001430,0.000453,0.000167,0.000448,0.015752,0.001314,0.000996,0.001609,0.001862,0.001292,0.000718,0.001151,0.001172,0.001333,0.001647,0.001133,0.001191,0.000052,0.000946,0.001231,0.014032,0.000872,0.001411,0.000696,0.000776,0.018475,0.000496,0.000079,0.012488,0.002331,0.000137,0.063310,0.000774,0.000038,0.032385,0.001529,0.002582,0.000565,0.001007,0.001374,0.001800,0.000806,0.000815,0.001163,0.001270,0.001658,0.001187,0.001176,0.001123,0.000094,0.033060,0.001428,0.000508,0.002034,0.000895,0.001337,0.000719,0.001041,0.001265,0.001886,0.001115,0.007844,0.001566,0.000827,0.001342,0.003073,0.001404,0.001180,0.001112,0.001727,0.001924,0.003962,0.001175,0.001298,0.000253,0.000073,0.001472,0.001797,0.011492,0.000784,0.001081,0.000686,0.005800,0.001486,0.001652,0.000370,0.001216,0.001140,0.001320,0.001202,0.001672,0.001223,0.001128,0.002058,0.090900,0.000353,0.006292,0.000997,0.002738,0.014784,0.001158,0.001126,0.000414,0.001560,0.001191,0.001794,0.025421,0.002103,0.001047,0.056508,0.001287,0.001254,0.051940,0.001000,0.000988,0.000557,0.002078,0.000666,0.001330,0.002118,0.001066,0.000868,0.000466,0.000579,0.001152,0.005404,0.001184,0.001420,0.015343,0.001961,0.014253,0.000881,0.005632,0.001237,0.005135,0.000112
0.000543,0.000697,0.000104,0.000588,0.000035,0.000203,0.001079,0.000351,0.000198,0.001336,0.000090,0.000613,0.000495,0.000159,0.067112,0.000207,0.076386,0.007347,0.008501,0.000264,0.026203,0.000209,0.000018,0.000464,0.000237,0.000064,0.000964,0.056446,0.001063,0.000461,0.000226,0.000580,0.000354,0.000742,0.000714,0.000557,0.003866,0.000298,0.001693,0.000558,0.000534,0.000647,0.000354,0.000363,0.000367,0.000348,0.000025,0.000583,0.002647,0.000421,0.000566,0.000682,0.000559,0.000009,0.000632,0.000428,0.000499,0.000762,0.000807,0.000551,0.000713,0.001171,0.000247,0.000142,0.000579,0.000726,0.014916,0.000278,0.000486,0.000749,0.000651,0.000405,0.000544,0.000599,0.000131,0.000784,0.000640,0.001095,0.000444,0.000528,0.000597,0.099499,0.000831,0.000550,0.000308,0.000732,0.001703,0.000014,0.001507,0.000047,0.001093,0.025891,0.070521,0.000075,0.012943,0.000012,0.000326,0.151868,0.005567,0.000611,0.001694,0.022738,0.000728,0.000535,0.000941,0.007144,0.007018,0.000578,0.000612,0.001411,0.000627,0.000594,0.000673,0.008158,0.000032,0.000492,0.000108,0.005374,0.000366,0.000400,0.000067,0.000603,0.001607,0.000438,0.000536,0.001301,0.000180,0.000390,0.001244,0.000287,0.000561,0.000605,0.000562,0.000737,0.000304,0.001261,0.000609,0.001379,0.000146,0.000044,0.000413,0.001303,0.000009,0.002154,0.000202,0.000007,0.000446,0.001128,0.001317,0.000954,0.001597,0.000788,0.000465,0.000700,0.000552,0.000584,0.000632,0.000127,0.000014,0.017748,0.000158,0.000511,0.021591,0.032272,0.001001,0.000461,0.000058,0.000553,0.000567,0.000103,0.019703,0.000486,0.000809,0.030993,0.000651,0.000794,0.067151,0.000424,0.000447,0.000343,0.000437,0.000473,0.000464,0.000040,0.000891,0.000335,0.000334,0.000371,0.000086,0.000473,0.000592,0.000486,0.005691,0.001054,0.000158,0.000625,0.028929,0.000717,0.000040,0.000177
0.000651,0.000599,0.001380,0.000627,0.021309,0.000777,0.012461,0.000648,0.000393,0.000552,0.000289,0.000627,0.000682,0.020747,0.001968,0.000598,0.116283,0.011445,0.007168,0.000393,0.014146,0.000290,0.021612,0.000594,0.000882,0.000036,0.000608,0.000030,0.002168,0.000888,0.005294,0.000621,0.000935,0.000577,0.000654,0.000575,0.000901,0.000198,0.000237,0.000527,0.000646,0.000310,0.000298,0.006434,0.000524,0.002778,0.000015,0.000625,0.022039,0.000452,0.001161,0.000388,0.000599,0.004549,0.000632,0.001004,0.000530,0.000671,0.000491,0.000661,0.000557,0.000281,0.000243,0.000487,0.000400,0.000213,0.012669,0.000094,0.045196,0.000561,0.001452,0.000373,0.000272,0.000628,0.001509,0.000629,0.000677,0.004877,0.000535,0.003910,0.000597,0.004842,0.000510,0.000738,0.002607,0.000495,0.000470,0.168734,0.000466,0.000134,0.000338,0.000031,0.000199,0.002965,0.031122,0.000242,0.000531,0.000012,0.005817,0.000572,0.000546,0.000033,0.000516,0.000664,0.014666,0.000086,0.000135,0.000623,0.000643,0.001243,0.000711,0.000646,0.000839,0.000231,0.000247,0.000643,0.000181,0.002509,0.000477,0.000479,0.000072,0.000692,0.000700,0.000638,0.000592,0.002316,0.000517,0.000491,0.000698,0.000050,0.000682,0.000624,0.000769,0.000538,0.000643,0.005333,0.000634,0.000866,0.038241,0.000069,0.002530,0.000820,0.002289,0.000694,0.000453,0.000069,0.000648,0.000081,0.000034,0.000327,0.000568,0.000556,0.001395,0.000754,0.000550,0.000652,0.000592,0.004840,0.002166,0.033195,0.000287,0.000430,0.013055,0.000055,0.001030,0.000937,0.066495,0.000586,0.000612,0.001005,0.000037,0.000754,0.000782,0.000013,0.000665,0.000402,0.000024,0.000476,0.000339,0.000578,0.000466,0.001091,0.000532,0.009196,0.000962,0.000344,0.000154,0.000529,0.000372,0.000534,0.000641,0.000506,0.158779,0.000013,0.000719,0.000439,0.000213,0.000624,0.000032,0.007642
0.000519,0.000327,0.013247,0.000419,0.000008,0.002173,0.000769,0.000190,0.000099,0.000055,0.000445,0.000419,0.000287,0.027082,0.000044,0.000652,0.000012,0.000060,0.005659,0.001300,0.000024,0.001161,0.053503,0.000444,0.000477,0.025283,0.000303,0.000075,0.017936,0.000454,0.002866,0.000609,0.000042,0.000633,0.000453,0.000452,0.000320,0.000189,0.001380,0.000905,0.001982,0.001834,0.000916,0.000059,0.003066,0.000024,0.079037,0.000407,0.000027,0.000325,0.001240,0.000192,0.000447,0.002318,0.000435,0.000414,0.000431,0.000380,0.002560,0.000437,0.000527,0.000693,0.001677,0.022540,0.000305,0.000266,0.008123,0.006015,0.000119,0.000557,0.000319,0.000740,0.000342,0.000440,0.000110,0.000400,0.000602,0.000120,0.000998,0.000039,0.000563,0.000038,0.000316,0.000438,0.003600,0.000298,0.000404,0.000261,0.000534,0.001772,0.000331,0.097804,0.039095,0.002411,0.000034,0.095476,0.000555,0.000183,0.000026,0.000818,0.000724,0.062850,0.000318,0.000567,0.000161,0.000235,0.000255,0.000399,0.000470,0.000152,0.000342,0.000428,0.000261,0.000045,0.007840,0.000490,0.002276,0.000279,0.000572,0.000478,0.001715,0.000538,0.000381,0.000388,0.000373,0.000041,0.001516,0.000315,0.000379,0.000759,0.000420,0.000397,0.000441,0.000373,0.000421,0.000235,0.000438,0.000243,0.000026,0.000463,0.000293,0.000990,0.002312,0.000285,0.001475,0.065422,0.000417,0.002330,0.002519,0.007071,0.000353,0.000356,0.000297,0.000427,0.000535,0.000454,0.000751,0.000010,0.000010,0.000039,0.001250,0.000506,0.000040,0.027267,0.000304,0.000540,0.001991,0.000394,0.000542,0.000140,0.014046,0.000491,0.000400,0.020958,0.000375,0.001460,0.048760,0.000322,0.000229,0.000138,0.000441,0.000517,0.000603,0.000033,0.000380,0.001631,0.003707,0.000884,0.001335,0.000169,0.000446,0.000650,0.016652,0.127608,0.000070,0.000958,0.000014,0.000442,0.000226,0.000035
0.000524,0.000757,0.000054,0.000685,0.134626,0.000232,0.011895,0.000684,0.000974,0.000641,0.000487,0.000597,0.000520,0.000007,0.000072,0.000926,0.005252,0.001499,0.000051,0.000549,0.001690,0.000254,0.000020,0.000550,0.001641,0.000073,0.000543,0.026511,0.000189,0.000438,0.008085,0.000476,0.012647,0.000535,0.000583,0.000567,0.001064,0.002859,0.000176,0.000876,0.002482,0.000317,0.000778,0.006291,0.000395,0.035882,0.000022,0.000597,0.051216,0.000459,0.000626,0.000624,0.000576,0.016672,0.000586,0.001309,0.000507,0.000628,0.000484,0.000773,0.000507,0.001888,0.000050,0.027674,0.000435,0.000681,0.017223,0.000135,0.018416,0.000673,0.000476,0.000402,0.002704,0.000832,0.006038,0.000581,0.000664,0.001391,0.000498,0.002475,0.000558,0.053345,0.000497,0.000709,0.004019,0.000424,0.000648,0.007551,0.001366,0.000049,0.001051,0.000015,0.000036,0.001520,0.000420,0.000136,0.000650,0.000736,0.023153,0.000441,0.000091,0.000116,0.000662,0.000542,0.005631,0.000671,0.000638,0.000592,0.000591,0.000229,0.000605,0.000591,0.000758,0.039163,0.000042,0.000500,0.000296,0.002454,0.000463,0.000535,0.000077,0.000512,0.000786,0.000477,0.000690,0.000161,0.000447,0.000606,0.000609,0.001610,0.000528,0.000571,0.000707,0.000363,0.000593,0.000131,0.000625,0.000395,0.047743,0.000061,0.000947,0.000174,0.000303,0.000341,0.000883,0.004211,0.000483,0.002884,0.003200,0.000896,0.000553,0.000524,0.001230,0.000607,0.000806,0.000700,0.000620,0.000152,0.000019,0.029691,0.000235,0.000544,0.104229,0.064880,0.000523,0.000356,0.000012,0.000771,0.000721,0.000194,0.006809,0.000578,0.000569,0.024827,0.000595,0.000339,0.000023,0.000487,0.000536,0.000544,0.000794,0.000343,0.000552,0.051683,0.000742,0.001093,0.000173,0.001055,0.001682,0.006521,0.000616,0.000548,0.000099,0.000016,0.002287,0.000376,0.036638,0.000681,0.000035,0.001103
0.000590,0.000859,0.000047,0.000682,0.000057,0.000241,0.000143,0.000402,0.000221,0.003974,0.000121,0.000678,0.000700,0.000558,0.022991,0.000381,0.001265,0.000866,0.000019,0.000318,0.000106,0.001087,0.000059,0.000667,0.000427,0.000310,0.000477,0.000033,0.006156,0.000816,0.000345,0.000789,0.000115,0.000634,0.000710,0.000724,0.006387,0.002795,0.000353,0.000557,0.000258,0.000645,0.000445,0.051833,0.000581,0.028008,0.000018,0.000794,0.046552,0.000620,0.001174,0.000400,0.000758,0.000011,0.000627,0.000762,0.000636,0.000706,0.000332,0.000659,0.000682,0.001229,0.000444,0.000049,0.000453,0.000692,0.000103,0.000421,0.000054,0.000583,0.000628,0.000432,0.001372,0.000655,0.000884,0.000608,0.000623,0.004848,0.000349,0.013058,0.000630,0.105267,0.000948,0.000614,0.000098,0.001238,0.001150,0.000015,0.000520,0.000461,0.000609,0.000028,0.000034,0.001704,0.009545,0.000013,0.001422,0.204994,0.000054,0.000708,0.000434,0.003301,0.000529,0.000816,0.000527,0.000418,0.000394,0.000733,0.000712,0.000955,0.000589,0.000687,0.000403,0.133788,0.000024,0.000507,0.000232,0.001906,0.000565,0.000484,0.000074,0.000613,0.000615,0.000489,0.000710,0.000048,0.000336,0.000362,0.000571,0.001522,0.000547,0.000678,0.000816,0.000571,0.000663,0.001741,0.000747,0.002888,0.054881,0.072040,0.001128,0.000134,0.000012,0.000866,0.000303,0.000014,0.000255,0.000136,0.000076,0.000181,0.001164,0.000779,0.000333,0.000661,0.000589,0.000664,0.000571,0.017704,0.006940,0.022015,0.000807,0.001498,0.000255,0.000046,0.000779,0.000465,0.000033,0.000682,0.000626,0.036874,0.000363,0.000529,0.000679,0.000016,0.000733,0.000388,0.017154,0.000920,0.001302,0.002132,0.001295,0.000710,0.000597,0.000323,0.000764,0.000472,0.001404,0.001343,0.001519,0.000387,0.000691,0.000570,0.000444,0.000071,0.000668,0.000572,0.004885,0.000682,0.000054,0.020135
0.000431,0.000257,0.015753,0.000334,0.000007,0.000154,0.002851,0.000320,0.000340,0.003273,0.000164,0.000382,0.000226,0.198241,0.000242,0.000349,0.000008,0.000039,0.000023,0.000572,0.000017,0.000117,0.000013,0.000545,0.000316,0.001334,0.000356,0.024467,0.008895,0.000279,0.007009,0.000698,0.000031,0.000299,0.000324,0.000294,0.002838,0.000373,0.000100,0.000749,0.001286,0.000100,0.000452,0.028938,0.000219,0.015618,0.000558,0.000325,0.026152,0.000455,0.001121,0.000163,0.000300,0.000005,0.000371,0.000245,0.000345,0.000334,0.000233,0.000296,0.000327,0.012995,0.000078,0.000021,0.000475,0.000340,0.000032,0.000175,0.000149,0.000354,0.000472,0.000181,0.000414,0.000381,0.000221,0.000409,0.000314,0.000621,0.000449,0.001081,0.000314,0.047162,0.000506,0.000302,0.000045,0.000675,0.000365,0.000026,0.000055,0.070058,0.000340,0.000036,0.000011,0.000122,0.037363,0.000008,0.000126,0.083668,0.000029,0.000212,0.000124,0.036836,0.000426,0.000293,0.000056,0.000395,0.000489,0.000438,0.000423,0.000252,0.000398,0.000347,0.000617,0.074621,0.000012,0.000245,0.000437,0.001519,0.000217,0.000891,0.008181,0.000515,0.000300,0.000239,0.000303,0.071499,0.000620,0.000207,0.000260,0.000136,0.000269,0.000328,0.000326,0.000390,0.000298,0.000076,0.000325,0.000554,0.000215,0.033798,0.000737,0.000246,0.000007,0.000553,0.000333,0.000458,0.000477,0.000154,0.000160,0.000179,0.000363,0.000317,0.000189,0.000333,0.000254,0.000361,0.000277,0.008582,0.000011,0.000180,0.000302,0.000442,0.004788,0.027527,0.000819,0.000207,0.000008,0.000314,0.000306,0.000060,0.012141,0.000324,0.000446,0.000618,0.000398,0.000409,0.024705,0.000575,0.000766,0.001070,0.000198,0.000571,0.000332,0.000305,0.000453,0.000915,0.000417,0.000159,0.000112,0.000204,0.000329,0.000270,0.002139,0.000160,0.000091,0.000316,0.043948,0.000357,0.000018,0.008981
0.000409,0.000401,0.000476,0.000397,0.000016,0.000833,0.000082,0.000471,0.000495,0.000049,0.001897,0.000414,0.000479,0.004671,0.000138,0.000509,0.000013,0.000061,0.026294,0.001646,0.000053,0.000344,0.036639,0.000498,0.001063,0.048171,0.000357,0.000249,0.010201,0.000479,0.000738,0.000533,0.000053,0.000657,0.000437,0.000487,0.000226,0.000673,0.000391,0.001139,0.005137,0.001663,0.000438,0.000482,0.005438,0.000042,0.095608,0.000402,0.000025,0.000536,0.000804,0.000538,0.000468,0.044618,0.000379,0.000260,0.000536,0.000378,0.001334,0.000430,0.000483,0.000310,0.004352,0.009102,0.000922,0.000474,0.001758,0.002169,0.000030,0.000592,0.000297,0.000385,0.000830,0.000447,0.000146,0.000368,0.000507,0.000057,0.001234,0.000039,0.000550,0.000025,0.000464,0.000385,0.000633,0.000336,0.000415,0.000400,0.000128,0.044574,0.000265,0.108929,0.045642,0.000418,0.000022,0.092192,0.000366,0.037259,0.000018,0.000749,0.000171,0.048357,0.000308,0.000554,0.000584,0.000190,0.000214,0.000419,0.000467,0.000178,0.000325,0.000448,0.000185,0.000043,0.009207,0.000497,0.004664,0.000089,0.000994,0.000405,0.001019,0.000368,0.000383,0.000493,0.000375,0.000009,0.000370,0.000642,0.000264,0.002350,0.000932,0.000394,0.000373,0.000598,0.000444,0.003110,0.000449,0.000254,0.000021,0.000092,0.000300,0.001480,0.000482,0.000729,0.001036,0.030148,0.002659,0.009223,0.021133,0.007810,0.000348,0.000416,0.000751,0.000421,0.000665,0.000515,0.000808,0.000010,0.000009,0.000042,0.000608,0.000545,0.001730,0.013162,0.000313,0.000417,0.000227,0.000474,0.000506,0.000566,0.027876,0.000608,0.000348,0.000629,0.000491,0.001072,0.056253,0.000295,0.000348,0.000191,0.000673,0.000257,0.000597,0.000029,0.000355,0.002100,0.002077,0.000223,0.002409,0.000147,0.000433,0.000606,0.000040,0.059995,0.000094,0.000959,0.000022,0.000443,0.000041,0.000692
0.000606,0.000550,0.001268,0.000604,0.000586,0.000625,0.017384,0.001268,0.003532,0.000686,0.004085,0.000573,0.000576,0.002234,0.077048,0.000192,0.134352,0.014039,0.041588,0.000653,0.003618,0.000317,0.000104,0.000464,0.000511,0.000040,0.000466,0.006014,0.000679,0.000410,0.004773,0.000646,0.000285,0.000718,0.000574,0.000640,0.001713,0.000216,0.000722,0.000487,0.000175,0.000182,0.000313,0.013126,0.001105,0.000538,0.000019,0.000621,0.000135,0.000611,0.000867,0.000271,0.000709,0.071198,0.000549,0.000609,0.000668,0.000604,0.001493,0.000578,0.000578,0.001810,0.001019,0.020071,0.001072,0.000260,0.000575,0.000360,0.064847,0.000735,0.000752,0.000333,0.000730,0.000579,0.000188,0.000569,0.000718,0.000139,0.000697,0.000067,0.000734,0.000044,0.000708,0.000536,0.001486,0.000487,0.000871,0.000489,0.001789,0.000047,0.000383,0.000078,0.008073,0.000065,0.000185,0.043988,0.000262,0.000015,0.028635,0.000491,0.006163,0.000022,0.000732,0.000526,0.001754,0.008843,0.008362,0.000593,0.000599,0.001883,0.000511,0.000592,0.000412,0.000035,0.006107,0.000695,0.000150,0.002313,0.000468,0.000467,0.000077,0.000573,0.000554,0.000711,0.000531,0.035749,0.000345,0.000641,0.000456,0.006647,0.000994,0.000588,0.000539,0.001088,0.000349,0.002038,0.000630,0.000359,0.000037,0.000089,0.000655,0.001694,0.000172,0.002406,0.000540,0.000304,0.000736,0.002396,0.001550,0.000147,0.000579,0.000893,0.001068,0.000587,0.000551,0.000598,0.000563,0.003108,0.003881,0.002025,0.001124,0.000434,0.000043,0.055283,0.001163,0.000392,0.000012,0.000515,0.000571,0.000151,0.000092,0.000822,0.000530,0.000047,0.000581,0.000390,0.000962,0.000414,0.000335,0.000120,0.000786,0.001152,0.000485,0.006633,0.000742,0.001312,0.000277,0.000494,0.001584,0.003606,0.000583,0.000567,0.045223,0.000029,0.004306,0.000556,0.059457,0.000546,0.056679,0.026647
0.000484,0.001075,0.000012,0.000599,0.001920,0.000152,0.000036,0.000281,0.000146,0.000359,0.000316,0.000574,0.000544,0.000006,0.000024,0.001416,0.033331,0.004296,0.000013,0.000275,0.006325,0.000174,0.000023,0.000427,0.000429,0.000443,0.001054,0.015401,0.000137,0.000374,0.000028,0.000429,0.018240,0.000624,0.000554,0.000482,0.000776,0.003328,0.000218,0.000507,0.000070,0.000140,0.000410,0.039747,0.000103,0.058992,0.000013,0.000618,0.039373,0.000524,0.001005,0.000338,0.000503,0.000967,0.000672,0.000397,0.000590,0.000671,0.000278,0.000789,0.000545,0.000053,0.000042,0.000036,0.000397,0.000479,0.000045,0.000328,0.001184,0.000491,0.001029,0.000670,0.000225,0.000795,0.000251,0.000989,0.000523,0.000216,0.000320,0.001421,0.000545,0.078125,0.000568,0.000544,0.000148,0.000611,0.000526,0.009808,0.000938,0.000022,0.000732,0.000012,0.000020,0.000672,0.060132,0.000011,0.002124,0.147887,0.000319,0.000390,0.006796,0.000026,0.000566,0.000569,0.003207,0.007613,0.007582,0.000550,0.000671,0.001357,0.000815,0.000628,0.001340,0.096351,0.000027,0.000450,0.000075,0.002502,0.000404,0.000551,0.000387,0.000490,0.000523,0.000430,0.001113,0.019935,0.000148,0.000223,0.000381,0.000037,0.000712,0.000624,0.000579,0.001445,0.000284,0.000219,0.000559,0.001226,0.000299,0.060742,0.000696,0.000112,0.000030,0.000399,0.000559,0.000557,0.000221,0.011832,0.022950,0.004991,0.000527,0.000498,0.000246,0.000555,0.000521,0.000554,0.000474,0.012630,0.000551,0.002296,0.000146,0.000799,0.099946,0.002028,0.000407,0.000448,0.000017,0.000768,0.000521,0.000165,0.000024,0.000524,0.000636,0.000015,0.000629,0.000547,0.000020,0.000678,0.000546,0.000701,0.001340,0.001552,0.000447,0.002181,0.000915,0.000324,0.000141,0.000690,0.000076,0.000228,0.000570,0.000476,0.000284,0.003143,0.000352,0.000295,0.012064,0.000537,0.000033,0.024949
0.000643,0.000730,0.000273,0.000729,0.002748,0.000294,0.000392,0.000715,0.000729,0.007498,0.000151,0.000655,0.001038,0.000077,0.000020,0.002631,0.000701,0.000660,0.000026,0.000638,0.002905,0.000394,0.092693,0.000682,0.000367,0.000025,0.001152,0.000029,0.000185,0.000540,0.000255,0.000735,0.000289,0.000623,0.000669,0.000788,0.001269,0.000341,0.000227,0.001192,0.000705,0.002120,0.000487,0.001420,0.000319,0.024472,0.000150,0.000696,0.038690,0.000919,0.000518,0.000564,0.000821,0.004231,0.000632,0.000536,0.000761,0.000701,0.000369,0.000638,0.000635,0.011375,0.001790,0.000053,0.000490,0.000495,0.000129,0.000181,0.000119,0.000615,0.000865,0.000777,0.000913,0.000671,0.000652,0.000523,0.000625,0.001775,0.000480,0.001986,0.000644,0.022051,0.000459,0.000792,0.004575,0.000473,0.000531,0.127080,0.000174,0.005500,0.001051,0.000089,0.000031,0.000834,0.003697,0.000014,0.000310,0.000015,0.051935,0.000517,0.000592,0.000022,0.000716,0.000620,0.001309,0.000153,0.000205,0.000750,0.000680,0.000515,0.000619,0.000676,0.000508,0.025232,0.000073,0.000594,0.000583,0.000844,0.000754,0.000808,0.008392,0.000650,0.000605,0.000617,0.000888,0.000075,0.000195,0.000948,0.000616,0.006889,0.000575,0.000806,0.000766,0.000511,0.000516,0.002203,0.000669,0.000744,0.000452,0.075130,0.000704,0.000148,0.001374,0.001508,0.000387,0.000029,0.000742,0.000389,0.000265,0.000262,0.000751,0.000955,0.000595,0.000701,0.001004,0.000682,0.000561,0.029985,0.002076,0.019102,0.000247,0.000610,0.077689,0.000757,0.000953,0.000507,0.000040,0.000731,0.000709,0.021207,0.028665,0.000763,0.000614,0.000015,0.000750,0.000409,0.000046,0.000534,0.000555,0.000301,0.001988,0.000314,0.000576,0.016239,0.000761,0.000784,0.000298,0.001102,0.007619,0.000605,0.000691,0.000529,0.135900,0.000019,0.000634,0.000479,0.035284,0.000663,0.004585,0.001732
